author,title,like,Link,Sequence,Date,User,Comment
HWZ Forums,"GPGT - Ms Alyssa Marie Loo Li Ann, the only President’s Scholarship recipient this year",37,https://forums.hardwarezone.com.sg/eat-drink-man-woman-16/gpgt-ms-alyssa-marie-loo-li-ann-only-president%92s-scholarship-recipient-year-6356050.html,1,"13-08-2020, 05:53 PM",tripleg,",Building chatbots that can make information more accessible and helping people who may not be familiar with policy wording and jargon to understand policies - these are some ideas President's Scholarship recipient Alyssa Marie Loo Li Ann has for the public service.,,Ms Loo, 19, who is the only recipient of the award this year and is headed to Brown University in the United States to read linguistics, said: ""Singapore has a very complex linguistic landscape that deserves more attention and research"".,,She is interested in exploring topics such as having Singlish as a cultural icon, and the effects of a bilingual policy.,,Ms Loo, who was a student at Raffles Institution, added: ""I hope to pursue (those topics) in Brown... I would want to use this content knowledge to inform my policy research and suggestions."",,She is the only President's Scholarship recipient announced this year due to a new practice by the Public Service Commission (PSC), where only scholarship recipients who are pursuing their studies in the current year will be announced.,,Those who have decided to proceed with their studies in subsequent years, such as male students doing their national service, will be included in the relevant years' reports.,,There was no physical award ceremony due to the Covid-19 pandemic, but Ms Loo met President Halimah Yacob in a virtual dialogue on Thursday (Aug 13).,,Also in attendance were Minister for Trade and Industry and Minister-in-charge of the Public Service Chan Chun Sing and PSC chairman Lee Tzu Yang.,,Addressing Ms Loo in a speech at the virtual ceremony, President Halimah said: ""The start of your journey in public service comes at a critical point in modern history.,,""The Covid-19 crisis has disrupted the global economy and every aspect of our lives."",,Integrity, service and excellence form the foundation of trust that Singaporeans have in the Government's ability to execute policies, plans and initiatives, she said, and ""strengthening this foundation is especially critical as it is no longer business as usual"".,,She noted: ""We have a population that is more discerning, with strong views on what is in their best interests and wants to be more engaged in decisions affecting them."",,She added: ""They also have a strong sense of fairness and equality and want these values reflected more clearly in whatever we do. In the years to come, there will be new paths to forge and difficult decisions to make.,,""This is a challenge for this generation of Singaporeans - a trial of our fortitude and a test of our resilience."",,With Covid-19 having changed the economic environment around Singapore, some time-tested ideas and strategies will have to be re-examined, and the country will need ""civil servants who can not only think critically but who also have unorthodox ideas or unique solutions in a situation where the path to growth is not so clear"", she said.,,""We also need agile and bold leaders with both the ability and the heart to unite Singaporeans and see us through these tumultuous times."",,Urging Ms Loo to broaden her horizons, expand her networks and develop fresh perspectives, Madam Halimah said: ""I encourage you to step out of your comfort zone, open yourself to new experiences and seize every opportunity to develop the skills and expertise Singapore will need for the future."",,Ms Loo, who plans to leave for Brown University in Rhode Island in January next year, said she is interested in exploring topics related to philosophy, religion, public policy and environmental policy in her studies.,,""These things don't really have anything to do with linguistics but I feel that they are important in rounding up my perspective, so that I can bring different ideas to the table as a public servant."",,She attended the virtual ceremony with her mother, Ms Agnes Phuah, who works as an administrative officer. Her father is a human resource director, while her younger sister is in Secondary 3.,,Ms Loo said that being the only recipient of the President's Scholarship announced this year is a special privilege. ""It's a big honour... I feel very lucky to have the chance to speak to President Halimah personally."",,"
,,,https://forums.hardwarezone.com.sg/eat-drink-man-woman-16/gpgt-ms-alyssa-marie-loo-li-ann-only-president%92s-scholarship-recipient-year-6356050.html,2,"13-08-2020, 05:57 PM",Joseph12,"Good luck,Cannot imagine how this type will survive in civil service"
,,,https://forums.hardwarezone.com.sg/eat-drink-man-woman-16/gpgt-ms-alyssa-marie-loo-li-ann-only-president%92s-scholarship-recipient-year-6356050.html,3,"13-08-2020, 05:58 PM",maniamcool,wtf ????????????????
,,,https://forums.hardwarezone.com.sg/eat-drink-man-woman-16/gpgt-ms-alyssa-marie-loo-li-ann-only-president%92s-scholarship-recipient-year-6356050.html,4,"13-08-2020, 05:59 PM",Darwinson,"Proud of her. Looking forward a future ,leader and inspiration"
,,,https://forums.hardwarezone.com.sg/eat-drink-man-woman-16/gpgt-ms-alyssa-marie-loo-li-ann-only-president%92s-scholarship-recipient-year-6356050.html,5,"13-08-2020, 05:59 PM",1.koln,Future MP confirmed?
,,,https://forums.hardwarezone.com.sg/eat-drink-man-woman-16/gpgt-ms-alyssa-marie-loo-li-ann-only-president%92s-scholarship-recipient-year-6356050.html,6,"13-08-2020, 05:59 PM",Capstone,looks like a book warrior which is both good and bad
,,,https://forums.hardwarezone.com.sg/eat-drink-man-woman-16/gpgt-ms-alyssa-marie-loo-li-ann-only-president%92s-scholarship-recipient-year-6356050.html,7,"13-08-2020, 05:59 PM",kamhwee72,"Beauty with brains.,,A rare talent.,,Sent from Send From University Of Hull using GAGT"
,,,https://forums.hardwarezone.com.sg/eat-drink-man-woman-16/gpgt-ms-alyssa-marie-loo-li-ann-only-president%92s-scholarship-recipient-year-6356050.html,8,"13-08-2020, 05:59 PM",moolala,"wan to get this kind of satki scholarship, just have a chim ang mo name,,this one credit to the parents"
,,,https://forums.hardwarezone.com.sg/eat-drink-man-woman-16/gpgt-ms-alyssa-marie-loo-li-ann-only-president%92s-scholarship-recipient-year-6356050.html,9,"13-08-2020, 06:00 PM",kamhwee72,"Minister level.,,Sent from Send From University Of Hull using GAGT"
,,,https://forums.hardwarezone.com.sg/eat-drink-man-woman-16/gpgt-ms-alyssa-marie-loo-li-ann-only-president%92s-scholarship-recipient-year-6356050.html,10,"13-08-2020, 06:02 PM",Joseph12,Funny scenario if she decides to stay in US and break her bond.
,,,https://forums.hardwarezone.com.sg/eat-drink-man-woman-16/gpgt-ms-alyssa-marie-loo-li-ann-only-president%92s-scholarship-recipient-year-6356050.html,11,"13-08-2020, 06:05 PM",BARCHORMEE,"rike kena thrown under bus.,,Heng she laopei HR one. 不怕没鱼吃  no scare no chicken eat. Gotch fish one."
,,,https://forums.hardwarezone.com.sg/eat-drink-man-woman-16/gpgt-ms-alyssa-marie-loo-li-ann-only-president%92s-scholarship-recipient-year-6356050.html,12,"13-08-2020, 06:05 PM",dexterkim,fap x3. level....
,,,https://forums.hardwarezone.com.sg/eat-drink-man-woman-16/gpgt-ms-alyssa-marie-loo-li-ann-only-president%92s-scholarship-recipient-year-6356050.html,13,"13-08-2020, 06:06 PM",Joseph12,"Shes a president's scholar,That means if you work for her, its more likely YOU will be thrown under the bus"
,,,https://forums.hardwarezone.com.sg/eat-drink-man-woman-16/gpgt-ms-alyssa-marie-loo-li-ann-only-president%92s-scholarship-recipient-year-6356050.html,14,"13-08-2020, 06:08 PM",fatboi666,10/10 will piak
,,,https://forums.hardwarezone.com.sg/eat-drink-man-woman-16/gpgt-ms-alyssa-marie-loo-li-ann-only-president%92s-scholarship-recipient-year-6356050.html,15,"13-08-2020, 06:08 PM",laopokcar_g,"Wtf she's 19? I tot 9,,Sent from - CECA is Corporates Enriched, Citizens Angry -  using GAGT"
,,,https://forums.hardwarezone.com.sg/eat-drink-man-woman-16/gpgt-ms-alyssa-marie-loo-li-ann-only-president%92s-scholarship-recipient-year-6356050-2.html,16,"13-08-2020, 06:08 PM",Aizenhart,"She has a really youthful look, can easily pass off as a secondary school girl."
,,,https://forums.hardwarezone.com.sg/eat-drink-man-woman-16/gpgt-ms-alyssa-marie-loo-li-ann-only-president%92s-scholarship-recipient-year-6356050-2.html,17,"13-08-2020, 06:09 PM",Polar Bear King,"really ar?,the only PresSch!!!"
,,,https://forums.hardwarezone.com.sg/eat-drink-man-woman-16/gpgt-ms-alyssa-marie-loo-li-ann-only-president%92s-scholarship-recipient-year-6356050-2.html,18,"13-08-2020, 06:10 PM",reallyworry,"Ms Alyssa Marie Loo Li Ann her name is longer than amdk, amdl one"
,,,https://forums.hardwarezone.com.sg/eat-drink-man-woman-16/gpgt-ms-alyssa-marie-loo-li-ann-only-president%92s-scholarship-recipient-year-6356050-2.html,19,"13-08-2020, 06:10 PM",Polar Bear King,anyone has her birthday?
,,,https://forums.hardwarezone.com.sg/eat-drink-man-woman-16/gpgt-ms-alyssa-marie-loo-li-ann-only-president%92s-scholarship-recipient-year-6356050-2.html,20,"13-08-2020, 06:10 PM",STFU78,Typical nerdy looks
,,,https://forums.hardwarezone.com.sg/eat-drink-man-woman-16/gpgt-ms-alyssa-marie-loo-li-ann-only-president%92s-scholarship-recipient-year-6356050-2.html,21,"13-08-2020, 06:11 PM",muddywaters,She used her primary school photo ah....
,,,https://forums.hardwarezone.com.sg/eat-drink-man-woman-16/gpgt-ms-alyssa-marie-loo-li-ann-only-president%92s-scholarship-recipient-year-6356050-2.html,22,"13-08-2020, 06:12 PM",OddEye,Eh raffles institution is not boys sch?
,,,https://forums.hardwarezone.com.sg/eat-drink-man-woman-16/gpgt-ms-alyssa-marie-loo-li-ann-only-president%92s-scholarship-recipient-year-6356050-2.html,23,"13-08-2020, 06:12 PM",Armour234,She looks really young.....
,,,https://forums.hardwarezone.com.sg/eat-drink-man-woman-16/gpgt-ms-alyssa-marie-loo-li-ann-only-president%92s-scholarship-recipient-year-6356050-2.html,24,"13-08-2020, 06:12 PM",Azzizz81,"Linguistics? I wonder what is her take on Singlish,,Sent from Sinkieland using GAGT"
,,,https://forums.hardwarezone.com.sg/eat-drink-man-woman-16/gpgt-ms-alyssa-marie-loo-li-ann-only-president%92s-scholarship-recipient-year-6356050-2.html,25,"13-08-2020, 06:12 PM",ThinkMe,",,Posted from PCWX using Nokia 6.1 Plus"
,,,https://forums.hardwarezone.com.sg/eat-drink-man-woman-16/gpgt-ms-alyssa-marie-loo-li-ann-only-president%92s-scholarship-recipient-year-6356050-2.html,26,"13-08-2020, 06:13 PM",BARCHORMEE,",,,,,,,,moii donch mind being under her bus,,..t."
,,,https://forums.hardwarezone.com.sg/eat-drink-man-woman-16/gpgt-ms-alyssa-marie-loo-li-ann-only-president%92s-scholarship-recipient-year-6356050-2.html,27,"13-08-2020, 06:14 PM",sg patriot missle,PAP has one SXL
,,,https://forums.hardwarezone.com.sg/eat-drink-man-woman-16/gpgt-ms-alyssa-marie-loo-li-ann-only-president%92s-scholarship-recipient-year-6356050-2.html,28,"13-08-2020, 06:15 PM",WaveRipple,xxmm spotted
,,,https://forums.hardwarezone.com.sg/eat-drink-man-woman-16/gpgt-ms-alyssa-marie-loo-li-ann-only-president%92s-scholarship-recipient-year-6356050-2.html,29,"13-08-2020, 06:15 PM",matrix05,This is a charlie zhang thread.
,,,https://forums.hardwarezone.com.sg/eat-drink-man-woman-16/gpgt-ms-alyssa-marie-loo-li-ann-only-president%92s-scholarship-recipient-year-6356050-2.html,30,"13-08-2020, 06:15 PM",laalaaland,Hi Charlie
,,,https://forums.hardwarezone.com.sg/eat-drink-man-woman-16/gpgt-ms-alyssa-marie-loo-li-ann-only-president%92s-scholarship-recipient-year-6356050-3.html,31,"13-08-2020, 06:15 PM",sg patriot missle,Huh read linguistics so easy?? Why not do something challenging like maths
,,,https://forums.hardwarezone.com.sg/eat-drink-man-woman-16/gpgt-ms-alyssa-marie-loo-li-ann-only-president%92s-scholarship-recipient-year-6356050-3.html,32,"13-08-2020, 06:16 PM",jeofefforts,she has proven that by having a satki and longer name does not mean her peers can finish the exam earlier and score as well as her.
,,,https://forums.hardwarezone.com.sg/eat-drink-man-woman-16/gpgt-ms-alyssa-marie-loo-li-ann-only-president%92s-scholarship-recipient-year-6356050-3.html,33,"13-08-2020, 06:18 PM",westernbarn,That is what I understand too. RI should be a boys school
,,,https://forums.hardwarezone.com.sg/eat-drink-man-woman-16/gpgt-ms-alyssa-marie-loo-li-ann-only-president%92s-scholarship-recipient-year-6356050-3.html,34,"13-08-2020, 06:18 PM",King.Koopa,wtf she doesn't look 19 look like still in primary school
,,,https://forums.hardwarezone.com.sg/eat-drink-man-woman-16/gpgt-ms-alyssa-marie-loo-li-ann-only-president%92s-scholarship-recipient-year-6356050-3.html,35,"13-08-2020, 06:19 PM",relaxlabrudder,SPG in the making
,,,https://forums.hardwarezone.com.sg/eat-drink-man-woman-16/gpgt-ms-alyssa-marie-loo-li-ann-only-president%92s-scholarship-recipient-year-6356050-3.html,36,"13-08-2020, 06:19 PM",sanzhu,Looks like android came alive
,,,https://forums.hardwarezone.com.sg/eat-drink-man-woman-16/gpgt-ms-alyssa-marie-loo-li-ann-only-president%92s-scholarship-recipient-year-6356050-3.html,37,"13-08-2020, 06:19 PM",fulaien,Same pattern as GMS dotter...
,,,https://forums.hardwarezone.com.sg/eat-drink-man-woman-16/gpgt-ms-alyssa-marie-loo-li-ann-only-president%92s-scholarship-recipient-year-6356050-3.html,38,"13-08-2020, 06:21 PM",Sai Baba,Linguistic can earn how much per month?
,,,https://forums.hardwarezone.com.sg/eat-drink-man-woman-16/gpgt-ms-alyssa-marie-loo-li-ann-only-president%92s-scholarship-recipient-year-6356050-3.html,39,"13-08-2020, 06:21 PM",starmerck,Iron rice bowl till retirement
,,,https://forums.hardwarezone.com.sg/eat-drink-man-woman-16/gpgt-ms-alyssa-marie-loo-li-ann-only-president%92s-scholarship-recipient-year-6356050-3.html,40,"13-08-2020, 06:21 PM",JohnnySasaki,"She will look damn underage when she goes to US,,There all chao lao one"
,,,https://forums.hardwarezone.com.sg/eat-drink-man-woman-16/gpgt-ms-alyssa-marie-loo-li-ann-only-president%92s-scholarship-recipient-year-6356050-3.html,41,"13-08-2020, 06:22 PM",moolala,",,,this is her real pic la"
,,,https://forums.hardwarezone.com.sg/eat-drink-man-woman-16/gpgt-ms-alyssa-marie-loo-li-ann-only-president%92s-scholarship-recipient-year-6356050-3.html,42,"13-08-2020, 06:22 PM",huhster,2035 GE ya....
,,,https://forums.hardwarezone.com.sg/eat-drink-man-woman-16/gpgt-ms-alyssa-marie-loo-li-ann-only-president%92s-scholarship-recipient-year-6356050-3.html,43,"13-08-2020, 06:22 PM",whuttt,Tak linguistic do what?
,,,https://forums.hardwarezone.com.sg/eat-drink-man-woman-16/gpgt-ms-alyssa-marie-loo-li-ann-only-president%92s-scholarship-recipient-year-6356050-3.html,44,"13-08-2020, 06:22 PM",jkohlc2,"Loooks jailbait,,Posted from PCWX using ONEPLUS A5010"
,,,https://forums.hardwarezone.com.sg/eat-drink-man-woman-16/gpgt-ms-alyssa-marie-loo-li-ann-only-president%92s-scholarship-recipient-year-6356050-3.html,45,"13-08-2020, 06:23 PM",Wife Beater,It's quite common. An ex-classmate of mine was a President's Scholar and broke his bond.
,,,https://forums.hardwarezone.com.sg/eat-drink-man-woman-16/gpgt-ms-alyssa-marie-loo-li-ann-only-president%92s-scholarship-recipient-year-6356050-4.html,46,"13-08-2020, 06:24 PM",whuttt,How come rooks so different? Same person? Wear braces sibo?
,,,https://forums.hardwarezone.com.sg/eat-drink-man-woman-16/gpgt-ms-alyssa-marie-loo-li-ann-only-president%92s-scholarship-recipient-year-6356050-4.html,47,"13-08-2020, 06:25 PM",toolbox03,So petite and fun size
,,,https://forums.hardwarezone.com.sg/eat-drink-man-woman-16/gpgt-ms-alyssa-marie-loo-li-ann-only-president%92s-scholarship-recipient-year-6356050-4.html,48,"13-08-2020, 06:26 PM",moolala,"same person rah, look at the link, brown uni, sg,,her mum must have given the ST reporter the xmm pic so public wont harass her daughter,,too bad my edmw csi skill top notch,,i request edmw take screenshot of the link. confirm taken down soon"
,,,https://forums.hardwarezone.com.sg/eat-drink-man-woman-16/gpgt-ms-alyssa-marie-loo-li-ann-only-president%92s-scholarship-recipient-year-6356050-4.html,49,"13-08-2020, 06:27 PM",ramlee,Can hold and piak her while standing up
,,,https://forums.hardwarezone.com.sg/eat-drink-man-woman-16/gpgt-ms-alyssa-marie-loo-li-ann-only-president%92s-scholarship-recipient-year-6356050-4.html,50,"13-08-2020, 06:27 PM",lazysundae,"she going to be a future millionaire congrats,,Sent from Anfield YNWA using GAGT"
,,,https://forums.hardwarezone.com.sg/eat-drink-man-woman-16/gpgt-ms-alyssa-marie-loo-li-ann-only-president%92s-scholarship-recipient-year-6356050-4.html,51,"13-08-2020, 06:27 PM",Wife Beater,"RJC is now integrated into RI, which means RI now comprises of both the secondary and JC sides. Secondary is still all-boys only. RGS is still RGS, girls only.,,This integration took place the year after I graduated."
,,,https://forums.hardwarezone.com.sg/eat-drink-man-woman-16/gpgt-ms-alyssa-marie-loo-li-ann-only-president%92s-scholarship-recipient-year-6356050-4.html,52,"13-08-2020, 06:32 PM",whuttt,"All the president scholar wannabes, priest teach yourself adobe illustrator and photoshop. Tell u first."
,,,https://forums.hardwarezone.com.sg/eat-drink-man-woman-16/gpgt-ms-alyssa-marie-loo-li-ann-only-president%92s-scholarship-recipient-year-6356050-4.html,53,"13-08-2020, 06:33 PM",Polar Bear King,",which one better?"
,,,https://forums.hardwarezone.com.sg/eat-drink-man-woman-16/gpgt-ms-alyssa-marie-loo-li-ann-only-president%92s-scholarship-recipient-year-6356050-4.html,54,"13-08-2020, 06:35 PM",ridiculofje00,"she ish pretty, very my type.,but also the type who will def reject moi in school."
,,,https://forums.hardwarezone.com.sg/eat-drink-man-woman-16/gpgt-ms-alyssa-marie-loo-li-ann-only-president%92s-scholarship-recipient-year-6356050-4.html,55,"13-08-2020, 06:35 PM",Azzizz81,"She may be a cunning linguist, but I'm a master debater,,Sent from Sinkieland using GAGT"
,,,https://forums.hardwarezone.com.sg/eat-drink-man-woman-16/gpgt-ms-alyssa-marie-loo-li-ann-only-president%92s-scholarship-recipient-year-6356050-4.html,56,"13-08-2020, 06:35 PM",wizardnking,"Alamak y go amdk cunty now? Will tio hood or not?,,Sent from nowhere using GAGT"
,,,https://forums.hardwarezone.com.sg/eat-drink-man-woman-16/gpgt-ms-alyssa-marie-loo-li-ann-only-president%92s-scholarship-recipient-year-6356050-4.html,57,"13-08-2020, 06:35 PM",Dinoboyboy,"kudos to her for trying to preserve a dying language. in 5 years time, we all will be speaking hindi.,,namaste, ham kharaab hain"
,,,https://forums.hardwarezone.com.sg/eat-drink-man-woman-16/gpgt-ms-alyssa-marie-loo-li-ann-only-president%92s-scholarship-recipient-year-6356050-4.html,58,"13-08-2020, 06:38 PM",HoraHoraHora,Fap fap fap
,,,https://forums.hardwarezone.com.sg/eat-drink-man-woman-16/gpgt-ms-alyssa-marie-loo-li-ann-only-president%92s-scholarship-recipient-year-6356050-4.html,59,"13-08-2020, 06:39 PM",JinBaoYing,"she really cute leh,,"
,,,https://forums.hardwarezone.com.sg/eat-drink-man-woman-16/gpgt-ms-alyssa-marie-loo-li-ann-only-president%92s-scholarship-recipient-year-6356050-4.html,60,"13-08-2020, 06:42 PM",Kunkka,"better speak the four official languages. also how do they decide on which Uni and what course .,,Posted from PCWX using iPhone8,2"
,,,https://forums.hardwarezone.com.sg/eat-drink-man-woman-16/gpgt-ms-alyssa-marie-loo-li-ann-only-president%92s-scholarship-recipient-year-6356050-5.html,61,"13-08-2020, 06:45 PM",zuppeur,Amdk like this type
,,,https://forums.hardwarezone.com.sg/eat-drink-man-woman-16/gpgt-ms-alyssa-marie-loo-li-ann-only-president%92s-scholarship-recipient-year-6356050-5.html,62,"13-08-2020, 06:45 PM",Joe Maya,"This type straightaway becum scholar management trainee then director.,,no need to liase with lowly manager or supervisor."
,,,https://forums.hardwarezone.com.sg/eat-drink-man-woman-16/gpgt-ms-alyssa-marie-loo-li-ann-only-president%92s-scholarship-recipient-year-6356050-5.html,63,"13-08-2020, 06:47 PM",shuvit,"Make up gao gao,,Sent from Xiaomi POCOPHONE F1 using GAGT"
,,,https://forums.hardwarezone.com.sg/eat-drink-man-woman-16/gpgt-ms-alyssa-marie-loo-li-ann-only-president%92s-scholarship-recipient-year-6356050-5.html,64,"13-08-2020, 06:47 PM",ahtancw,"Tmw announce 20 saf scholar,,Posted from PCWX using CB hair collected in Apr"
,,,https://forums.hardwarezone.com.sg/eat-drink-man-woman-16/gpgt-ms-alyssa-marie-loo-li-ann-only-president%92s-scholarship-recipient-year-6356050-5.html,65,"13-08-2020, 06:47 PM",whuttt,"Once identified to be president scholar, u can literally choose any course any uni,  provided u can go in the uni lah. This kind rast year already apply uni apply scholarship already. Some A levels results haven't come out already offered scholarship."
,,,https://forums.hardwarezone.com.sg/eat-drink-man-woman-16/gpgt-ms-alyssa-marie-loo-li-ann-only-president%92s-scholarship-recipient-year-6356050-5.html,66,"13-08-2020, 06:49 PM",RedRedWine,Wa this one cute looking
,,,https://forums.hardwarezone.com.sg/eat-drink-man-woman-16/gpgt-ms-alyssa-marie-loo-li-ann-only-president%92s-scholarship-recipient-year-6356050-5.html,67,"13-08-2020, 06:51 PM",kennysme,If my daughter come tell me she wants to do linguistic - you'd've to think like what kind of job she'd be doing after U. Better marry off early gets babies become housewife maybe grandkids will have better england
,,,https://forums.hardwarezone.com.sg/eat-drink-man-woman-16/gpgt-ms-alyssa-marie-loo-li-ann-only-president%92s-scholarship-recipient-year-6356050-5.html,68,"13-08-2020, 06:52 PM",amognoix,"She still young & innocent, can smile.,,When she go work in Government or working environment, think her smile will be gone."
,,,https://forums.hardwarezone.com.sg/eat-drink-man-woman-16/gpgt-ms-alyssa-marie-loo-li-ann-only-president%92s-scholarship-recipient-year-6356050-5.html,69,"13-08-2020, 06:53 PM",zuoom,Probably headhunted by some big Co.
,,,https://forums.hardwarezone.com.sg/eat-drink-man-woman-16/gpgt-ms-alyssa-marie-loo-li-ann-only-president%92s-scholarship-recipient-year-6356050-5.html,70,"13-08-2020, 06:56 PM",orbvius,Like underaged
,,,https://forums.hardwarezone.com.sg/eat-drink-man-woman-16/gpgt-ms-alyssa-marie-loo-li-ann-only-president%92s-scholarship-recipient-year-6356050-5.html,71,"13-08-2020, 06:58 PM",Hiling care,Now PSLE also got president scholar?
,,,https://forums.hardwarezone.com.sg/eat-drink-man-woman-16/gpgt-ms-alyssa-marie-loo-li-ann-only-president%92s-scholarship-recipient-year-6356050-5.html,72,"13-08-2020, 06:59 PM",fatboi666,"will still pump mens,,"
,,,https://forums.hardwarezone.com.sg/eat-drink-man-woman-16/gpgt-ms-alyssa-marie-loo-li-ann-only-president%92s-scholarship-recipient-year-6356050-5.html,73,"13-08-2020, 07:01 PM",HellriderZD,"She look very young,, like pri school kid,,Sent from Xiaomi MI 8 LITE using GAGT"
,,,https://forums.hardwarezone.com.sg/eat-drink-man-woman-16/gpgt-ms-alyssa-marie-loo-li-ann-only-president%92s-scholarship-recipient-year-6356050-5.html,74,"13-08-2020, 07:03 PM",testart,Amdk sure like this kind
,,,https://forums.hardwarezone.com.sg/eat-drink-man-woman-16/gpgt-ms-alyssa-marie-loo-li-ann-only-president%92s-scholarship-recipient-year-6356050-5.html,75,"13-08-2020, 07:04 PM",Dracky,"You are wrong. This type will do well in the civil service, but not in SMEs, startups."
,,,https://forums.hardwarezone.com.sg/eat-drink-man-woman-16/gpgt-ms-alyssa-marie-loo-li-ann-only-president%92s-scholarship-recipient-year-6356050-6.html,76,"13-08-2020, 07:05 PM",jazz2005,"Wah, Brown University only ranked 53rd in World rankings leh. Would the much despised by edmwers Calvin Cheng approve such a university."
,,,https://forums.hardwarezone.com.sg/eat-drink-man-woman-16/gpgt-ms-alyssa-marie-loo-li-ann-only-president%92s-scholarship-recipient-year-6356050-6.html,77,"13-08-2020, 07:08 PM",Poomer,"Shows that PAP wants better communication with the people.,,This kind earmarked from even earlier.,,Have a PSC scholar friend, when in secondary school already go overseas as part of official gov delegation wor."
,,,https://forums.hardwarezone.com.sg/eat-drink-man-woman-16/gpgt-ms-alyssa-marie-loo-li-ann-only-president%92s-scholarship-recipient-year-6356050-6.html,78,"13-08-2020, 07:08 PM",SecretAgent,"BIANTAI! What are you thinking!?,"
,,,https://forums.hardwarezone.com.sg/eat-drink-man-woman-16/gpgt-ms-alyssa-marie-loo-li-ann-only-president%92s-scholarship-recipient-year-6356050-6.html,79,"13-08-2020, 07:08 PM",nomoreliaola,"Lanjiao school,,Posted from PCWX using Pixel 2"
,,,https://forums.hardwarezone.com.sg/eat-drink-man-woman-16/gpgt-ms-alyssa-marie-loo-li-ann-only-president%92s-scholarship-recipient-year-6356050-6.html,80,"13-08-2020, 07:09 PM",bwaysaikryptonite,sorry guys amdk will sian her and have her instead of delusional sinkies
,,,https://forums.hardwarezone.com.sg/eat-drink-man-woman-16/gpgt-ms-alyssa-marie-loo-li-ann-only-president%92s-scholarship-recipient-year-6356050-6.html,81,"13-08-2020, 07:10 PM",jazz2005,"President's scholar leh. Its her brain that counts, in any case. She'll unlikely work in a field related to linguistics upon joining the civil service. Which engineering graduate that's a president scholar work as a engineer."
,,,https://forums.hardwarezone.com.sg/eat-drink-man-woman-16/gpgt-ms-alyssa-marie-loo-li-ann-only-president%92s-scholarship-recipient-year-6356050-6.html,82,"13-08-2020, 07:11 PM",5408854088,"wahaha,"
,,,https://forums.hardwarezone.com.sg/eat-drink-man-woman-16/gpgt-ms-alyssa-marie-loo-li-ann-only-president%92s-scholarship-recipient-year-6356050-6.html,83,"13-08-2020, 07:11 PM",Eternal-fire,"Won't come back sg.,,Taxpayers money goes to the drain,,Sent from HUAWEI LYA-L29 using GAGT"
,,,https://forums.hardwarezone.com.sg/eat-drink-man-woman-16/gpgt-ms-alyssa-marie-loo-li-ann-only-president%92s-scholarship-recipient-year-6356050-6.html,84,"13-08-2020, 07:12 PM",youcantstopme,future PM confirmed
,,,https://forums.hardwarezone.com.sg/eat-drink-man-woman-16/gpgt-ms-alyssa-marie-loo-li-ann-only-president%92s-scholarship-recipient-year-6356050-6.html,85,"13-08-2020, 07:12 PM",daylight,how only one ???
,,,https://forums.hardwarezone.com.sg/eat-drink-man-woman-16/gpgt-ms-alyssa-marie-loo-li-ann-only-president%92s-scholarship-recipient-year-6356050-6.html,86,"13-08-2020, 07:15 PM",過路稻草人™,"Cannot act 豬 சாப்பிடுங்கள் harimau?,,Inorder to emerge as the winner, she cannot be a meek kitty cat.,,一將功成萬骨枯"
,,,https://forums.hardwarezone.com.sg/eat-drink-man-woman-16/gpgt-ms-alyssa-marie-loo-li-ann-only-president%92s-scholarship-recipient-year-6356050-6.html,87,"13-08-2020, 07:16 PM",coolmyth,Ish her father a taxi driver and mother a housewife?
,,,https://forums.hardwarezone.com.sg/eat-drink-man-woman-16/gpgt-ms-alyssa-marie-loo-li-ann-only-president%92s-scholarship-recipient-year-6356050-6.html,88,"13-08-2020, 07:17 PM",tremor,I bet she is wild in bed.
,,,https://forums.hardwarezone.com.sg/eat-drink-man-woman-16/gpgt-ms-alyssa-marie-loo-li-ann-only-president%92s-scholarship-recipient-year-6356050-6.html,89,"13-08-2020, 07:18 PM",spinning_quirK,Don't outdated leh... this is RI (JC).
,,,https://forums.hardwarezone.com.sg/eat-drink-man-woman-16/gpgt-ms-alyssa-marie-loo-li-ann-only-president%92s-scholarship-recipient-year-6356050-6.html,90,"13-08-2020, 07:22 PM",hippoheyhey,Shiok to jizz on her face
,,,https://forums.hardwarezone.com.sg/eat-drink-man-woman-16/gpgt-ms-alyssa-marie-loo-li-ann-only-president%92s-scholarship-recipient-year-6356050-7.html,91,"13-08-2020, 07:24 PM",demongod,"Jiayou zehzeh,,Sent from Samsung SM-N960F using GAGT"
,,,https://forums.hardwarezone.com.sg/eat-drink-man-woman-16/gpgt-ms-alyssa-marie-loo-li-ann-only-president%92s-scholarship-recipient-year-6356050-7.html,92,"13-08-2020, 07:26 PM",nyvrem,"bky bky,,"
,,,https://forums.hardwarezone.com.sg/eat-drink-man-woman-16/gpgt-ms-alyssa-marie-loo-li-ann-only-president%92s-scholarship-recipient-year-6356050-7.html,93,"13-08-2020, 07:27 PM",Lilacorice,
,,,https://forums.hardwarezone.com.sg/eat-drink-man-woman-16/gpgt-ms-alyssa-marie-loo-li-ann-only-president%92s-scholarship-recipient-year-6356050-7.html,94,"13-08-2020, 07:29 PM",oohman,"Brains - check,Beauty - searching......."
,,,https://forums.hardwarezone.com.sg/eat-drink-man-woman-16/gpgt-ms-alyssa-marie-loo-li-ann-only-president%92s-scholarship-recipient-year-6356050-7.html,95,"13-08-2020, 07:31 PM",SpecialKeyboardService,"Why study mickey mouse degree.,Linguistics leh.,,If linguistics so useful for religion diversity, we dont need to give special rights for a particular race to be,President on the first place.,,Should take harvard or oxbridge,Brown is lower tier ivy,,And somemore ri , hua chong, njc, vjc and nyjc no talent?,,Is it cos all behkan?"
,,,https://forums.hardwarezone.com.sg/eat-drink-man-woman-16/gpgt-ms-alyssa-marie-loo-li-ann-only-president%92s-scholarship-recipient-year-6356050-7.html,96,"13-08-2020, 07:31 PM",YouHeypiCanLiao,"I wanna oh wait,,Sent from Tehhan's iPhone using GAGT"
,,,https://forums.hardwarezone.com.sg/eat-drink-man-woman-16/gpgt-ms-alyssa-marie-loo-li-ann-only-president%92s-scholarship-recipient-year-6356050-7.html,97,"13-08-2020, 07:32 PM",freshsoapsmell,"Moi type.,,All my girlfriends are the specky, studious, top-the-class kind."
,,,https://forums.hardwarezone.com.sg/eat-drink-man-woman-16/gpgt-ms-alyssa-marie-loo-li-ann-only-president%92s-scholarship-recipient-year-6356050-7.html,98,"13-08-2020, 07:33 PM",Prime 13,Huai ish taxpayer monies used to fund skolars to study this kind of bo liao sh!t?
,,,https://forums.hardwarezone.com.sg/eat-drink-man-woman-16/gpgt-ms-alyssa-marie-loo-li-ann-only-president%92s-scholarship-recipient-year-6356050-7.html,99,"13-08-2020, 07:33 PM",likevegetable,Are chiu Charlie Zhang?
,,,https://forums.hardwarezone.com.sg/eat-drink-man-woman-16/gpgt-ms-alyssa-marie-loo-li-ann-only-president%92s-scholarship-recipient-year-6356050-7.html,100,"13-08-2020, 07:35 PM",SpecialKeyboardService,"these is one master in budhist studies guy in oxford. Psc post grad scholar,,It study the subject to achieve enlightenment is it?,Must well go see dalai lama and you will gain enlightenment"
,,,https://forums.hardwarezone.com.sg/eat-drink-man-woman-16/gpgt-ms-alyssa-marie-loo-li-ann-only-president%92s-scholarship-recipient-year-6356050-7.html,101,"13-08-2020, 07:37 PM",danny8x8,Sooo CUUUUUUTE!
,,,https://forums.hardwarezone.com.sg/eat-drink-man-woman-16/gpgt-ms-alyssa-marie-loo-li-ann-only-president%92s-scholarship-recipient-year-6356050-7.html,102,"13-08-2020, 07:40 PM",moolala,"this kind of major is the easiest to get masters, phd"
,,,https://forums.hardwarezone.com.sg/eat-drink-man-woman-16/gpgt-ms-alyssa-marie-loo-li-ann-only-president%92s-scholarship-recipient-year-6356050-7.html,103,"13-08-2020, 07:47 PM",Steyr69,"Set for life....next time come back smelly smelly PMO level. Later parachute in as MP.,,Sent from Xiaomi MI A1 using GAGT"
,,,https://forums.hardwarezone.com.sg/eat-drink-man-woman-16/gpgt-ms-alyssa-marie-loo-li-ann-only-president%92s-scholarship-recipient-year-6356050-7.html,104,"13-08-2020, 07:51 PM",glarerder,"sho cute,gotch bf or notch"
,,,https://forums.hardwarezone.com.sg/eat-drink-man-woman-16/gpgt-ms-alyssa-marie-loo-li-ann-only-president%92s-scholarship-recipient-year-6356050-7.html,105,"13-08-2020, 08:00 PM",fortunecat,"Looks so young and cute, i think she needs someone to protect her in US lah"
,,,https://forums.hardwarezone.com.sg/eat-drink-man-woman-16/gpgt-ms-alyssa-marie-loo-li-ann-only-president%92s-scholarship-recipient-year-6356050-8.html,106,"13-08-2020, 08:02 PM",glarerder,how chiu nose she wont willingly gib free pass to amdk
,,,https://forums.hardwarezone.com.sg/eat-drink-man-woman-16/gpgt-ms-alyssa-marie-loo-li-ann-only-president%92s-scholarship-recipient-year-6356050-8.html,107,"13-08-2020, 08:07 PM",rbtr8r,why not even 1 boy?
,,,https://forums.hardwarezone.com.sg/eat-drink-man-woman-16/gpgt-ms-alyssa-marie-loo-li-ann-only-president%92s-scholarship-recipient-year-6356050-8.html,108,"13-08-2020, 08:10 PM",Hierophant,Wah all the Charlie Zhang must be sibeh song now
,,,https://forums.hardwarezone.com.sg/eat-drink-man-woman-16/gpgt-ms-alyssa-marie-loo-li-ann-only-president%92s-scholarship-recipient-year-6356050-8.html,109,"13-08-2020, 08:12 PM",Cokacola,"wow wow wow, the one"
,,,https://forums.hardwarezone.com.sg/eat-drink-man-woman-16/gpgt-ms-alyssa-marie-loo-li-ann-only-president%92s-scholarship-recipient-year-6356050-8.html,110,"13-08-2020, 08:20 PM",fallen1,Sinkies really no talent liao
,,,https://forums.hardwarezone.com.sg/eat-drink-man-woman-16/gpgt-ms-alyssa-marie-loo-li-ann-only-president%92s-scholarship-recipient-year-6356050-8.html,111,"13-08-2020, 08:22 PM",matey1982,
,,,https://forums.hardwarezone.com.sg/eat-drink-man-woman-16/gpgt-ms-alyssa-marie-loo-li-ann-only-president%92s-scholarship-recipient-year-6356050-8.html,112,"13-08-2020, 08:40 PM",Shdwfalcon,"RI have female students?,,"
,,,https://forums.hardwarezone.com.sg/eat-drink-man-woman-16/gpgt-ms-alyssa-marie-loo-li-ann-only-president%92s-scholarship-recipient-year-6356050-8.html,113,"13-08-2020, 08:43 PM",Shdwfalcon,"Exactly. No STEM degree no talk. Arts degree is ********, aka toilet paper."
,,,https://forums.hardwarezone.com.sg/eat-drink-man-woman-16/gpgt-ms-alyssa-marie-loo-li-ann-only-president%92s-scholarship-recipient-year-6356050-8.html,114,"13-08-2020, 08:48 PM",Hysteri,Remember. Public servant. Not leader
,,,https://forums.hardwarezone.com.sg/eat-drink-man-woman-16/gpgt-ms-alyssa-marie-loo-li-ann-only-president%92s-scholarship-recipient-year-6356050-8.html,115,"13-08-2020, 09:08 PM",orpisia,"Looks like sec 1 student,,What if she goes to the states and gets upped by amdk,,,Loses her focus and way,,Kena led astray how?"
,,,https://forums.hardwarezone.com.sg/eat-drink-man-woman-16/gpgt-ms-alyssa-marie-loo-li-ann-only-president%92s-scholarship-recipient-year-6356050-8.html,116,"13-08-2020, 09:10 PM",tank_t,Her mother surname lee ??
,,,https://forums.hardwarezone.com.sg/eat-drink-man-woman-16/gpgt-ms-alyssa-marie-loo-li-ann-only-president%92s-scholarship-recipient-year-6356050-8.html,117,"13-08-2020, 09:12 PM",Kunkka,"Song bo serve NS for/while  scholars to go overseas study.,,Posted from PCWX using LYA-L29"
,,,https://forums.hardwarezone.com.sg/eat-drink-man-woman-16/gpgt-ms-alyssa-marie-loo-li-ann-only-president%92s-scholarship-recipient-year-6356050-8.html,118,"13-08-2020, 09:12 PM",littleprayer7,Great honor to speak with president. Simply wow.
,,,https://forums.hardwarezone.com.sg/eat-drink-man-woman-16/gpgt-ms-alyssa-marie-loo-li-ann-only-president%92s-scholarship-recipient-year-6356050-8.html,119,"13-08-2020, 09:13 PM",xKomon,"Rooks rike xmm but really smart la,,Sent from Moi phone lah using GAGT"
,,,https://forums.hardwarezone.com.sg/eat-drink-man-woman-16/gpgt-ms-alyssa-marie-loo-li-ann-only-president%92s-scholarship-recipient-year-6356050-8.html,120,"13-08-2020, 09:15 PM",kingmax,"NICE AND TIGHT.,,"
,,,https://forums.hardwarezone.com.sg/eat-drink-man-woman-16/gpgt-ms-alyssa-marie-loo-li-ann-only-president%92s-scholarship-recipient-year-6356050-9.html,121,"13-08-2020, 09:36 PM",rilo,"Name how come so long. Ang moh descendent?,,Sent from Jurong Bird Park using GAGT"
,,,https://forums.hardwarezone.com.sg/eat-drink-man-woman-16/gpgt-ms-alyssa-marie-loo-li-ann-only-president%92s-scholarship-recipient-year-6356050-9.html,122,"13-08-2020, 09:38 PM",win_man,
,,,https://forums.hardwarezone.com.sg/eat-drink-man-woman-16/gpgt-ms-alyssa-marie-loo-li-ann-only-president%92s-scholarship-recipient-year-6356050-9.html,123,"13-08-2020, 09:42 PM",fortunecat,"They are future leaders, study what also not important one, because they won't be the ones doing the work, just the ones making decisions."
,,,https://forums.hardwarezone.com.sg/eat-drink-man-woman-16/gpgt-ms-alyssa-marie-loo-li-ann-only-president%92s-scholarship-recipient-year-6356050-9.html,124,"13-08-2020, 09:43 PM",noobiee,linguistics????
,,,https://forums.hardwarezone.com.sg/eat-drink-man-woman-16/gpgt-ms-alyssa-marie-loo-li-ann-only-president%92s-scholarship-recipient-year-6356050-9.html,125,"13-08-2020, 09:47 PM",applecrisp,"Fast forward 20 years is liddat?,,"
,,,https://forums.hardwarezone.com.sg/eat-drink-man-woman-16/gpgt-ms-alyssa-marie-loo-li-ann-only-president%92s-scholarship-recipient-year-6356050-9.html,126,"13-08-2020, 09:48 PM",whuttt,GEP one ....
,,,https://forums.hardwarezone.com.sg/eat-drink-man-woman-16/gpgt-ms-alyssa-marie-loo-li-ann-only-president%92s-scholarship-recipient-year-6356050-9.html,127,"13-08-2020, 10:02 PM",MichealScott,"Cute leh. But study linguistics?,,Sent from Stamford Bridge using GAGT"
,,,https://forums.hardwarezone.com.sg/eat-drink-man-woman-16/gpgt-ms-alyssa-marie-loo-li-ann-only-president%92s-scholarship-recipient-year-6356050-9.html,128,"13-08-2020, 10:27 PM",spinning_quirK,"Yes, don't wols leh"
,,,https://forums.hardwarezone.com.sg/eat-drink-man-woman-16/gpgt-ms-alyssa-marie-loo-li-ann-only-president%92s-scholarship-recipient-year-6356050-9.html,129,"13-08-2020, 10:28 PM",Toiletpaper80,Damn chioss
,,,https://forums.hardwarezone.com.sg/eat-drink-man-woman-16/gpgt-ms-alyssa-marie-loo-li-ann-only-president%92s-scholarship-recipient-year-6356050-9.html,130,"13-08-2020, 10:28 PM",spinning_quirK,Visakan also GEP
,,,https://forums.hardwarezone.com.sg/eat-drink-man-woman-16/gpgt-ms-alyssa-marie-loo-li-ann-only-president%92s-scholarship-recipient-year-6356050-9.html,131,"13-08-2020, 10:29 PM",PaulLevesque,She's 19? She looks like she's taking PSLE this year leh
,,,https://forums.hardwarezone.com.sg/eat-drink-man-woman-16/gpgt-ms-alyssa-marie-loo-li-ann-only-president%92s-scholarship-recipient-year-6356050-9.html,132,"13-08-2020, 10:30 PM",5unnyday,Future jiak liao bee top civil servant
,,,https://forums.hardwarezone.com.sg/eat-drink-man-woman-16/gpgt-ms-alyssa-marie-loo-li-ann-only-president%92s-scholarship-recipient-year-6356050-9.html,133,"13-08-2020, 10:31 PM",Midnight2u,jin sarki mens
,,,https://forums.hardwarezone.com.sg/eat-drink-man-woman-16/gpgt-ms-alyssa-marie-loo-li-ann-only-president%92s-scholarship-recipient-year-6356050-9.html,134,"13-08-2020, 10:31 PM",nogizaka46,"Looks like jailbait sent by FBI.,Lolicon, those kind will get you arrested for pedophilia if you do anything funny."
,,,https://forums.hardwarezone.com.sg/eat-drink-man-woman-16/gpgt-ms-alyssa-marie-loo-li-ann-only-president%92s-scholarship-recipient-year-6356050-9.html,135,"13-08-2020, 10:32 PM",politicalsg,"Enough about Singlish la. Back when it was mostly Malay influenced, it was deemed to be low class and something to be eradicated. Now that it's mostly huayi influenced, it's part of Singapore's heritage and has to be embraced. Totally disgraceful, especially since Mandarin is not even the mother tongue of most Chinese in SG."
,,,https://forums.hardwarezone.com.sg/eat-drink-man-woman-16/gpgt-ms-alyssa-marie-loo-li-ann-only-president%92s-scholarship-recipient-year-6356050-10.html,136,"13-08-2020, 10:33 PM",-Hera-,My thoughts exactly
,,,https://forums.hardwarezone.com.sg/eat-drink-man-woman-16/gpgt-ms-alyssa-marie-loo-li-ann-only-president%92s-scholarship-recipient-year-6356050-10.html,137,"13-08-2020, 10:33 PM",Aaron_soh80,Sooo cute...imagine piak piak her...she also dun know wad going on..
,,,https://forums.hardwarezone.com.sg/eat-drink-man-woman-16/gpgt-ms-alyssa-marie-loo-li-ann-only-president%92s-scholarship-recipient-year-6356050-10.html,138,"13-08-2020, 10:36 PM",strangerjun,","
,,,https://forums.hardwarezone.com.sg/eat-drink-man-woman-16/gpgt-ms-alyssa-marie-loo-li-ann-only-president%92s-scholarship-recipient-year-6356050-10.html,139,"13-08-2020, 10:43 PM",strangerjun,no.. phuah
,,,https://forums.hardwarezone.com.sg/eat-drink-man-woman-16/gpgt-ms-alyssa-marie-loo-li-ann-only-president%92s-scholarship-recipient-year-6356050-10.html,140,"13-08-2020, 10:44 PM",Kunkka,"Yes all forget bazaar Malay. Want adopt English for trade den better don't hiam foreigner.,,Posted from PCWX using LYA-L29"
,,,https://forums.hardwarezone.com.sg/eat-drink-man-woman-16/gpgt-ms-alyssa-marie-loo-li-ann-only-president%92s-scholarship-recipient-year-6356050-10.html,141,"13-08-2020, 10:47 PM",politicalsg,"I saw on her fb and linkedin, she only know English and Mandarin. Don't even know national language of Singapore want to talk about ""Singlish"" pui."
,,,https://forums.hardwarezone.com.sg/eat-drink-man-woman-16/gpgt-ms-alyssa-marie-loo-li-ann-only-president%92s-scholarship-recipient-year-6356050-10.html,142,"13-08-2020, 10:49 PM",Abjure,"Wow cute xmm,,Moi type of specky nerdy girl sial"
,,,https://forums.hardwarezone.com.sg/eat-drink-man-woman-16/gpgt-ms-alyssa-marie-loo-li-ann-only-president%92s-scholarship-recipient-year-6356050-10.html,143,"13-08-2020, 10:51 PM",Abjure,"Why this year cohort standard so cui???,,Let lolicon be the sole president scholar??!!!"
,,,https://forums.hardwarezone.com.sg/eat-drink-man-woman-16/gpgt-ms-alyssa-marie-loo-li-ann-only-president%92s-scholarship-recipient-year-6356050-10.html,144,"13-08-2020, 11:02 PM",winningeleven,"She look like that famous couple (jacinta) who wanted to travel to Europe thru the van.,,The pic that ST shown really look so young"
,,,https://forums.hardwarezone.com.sg/eat-drink-man-woman-16/gpgt-ms-alyssa-marie-loo-li-ann-only-president%92s-scholarship-recipient-year-6356050-10.html,145,"13-08-2020, 11:04 PM",HellriderZD,"Edmw is double standard, this xmm is Malaysian convert sinkie...y edmw never whack her gao gao,,Sent from Xiaomi MI 8 LITE using GAGT"
,,,https://forums.hardwarezone.com.sg/eat-drink-man-woman-16/gpgt-ms-alyssa-marie-loo-li-ann-only-president%92s-scholarship-recipient-year-6356050-10.html,146,"13-08-2020, 11:04 PM",Jwlegion,"...it's the sheer overwhelming prestige of the President's Scholarship that counts lah...,,As the SOLE award winner of the MOST prestigious scholarship in Singapore...,,...she is considered first among equals in her cohort...an elite within the elite...,,...whether she majors in Linguistics...Anthropology or even Zoology doesn't really matter..."
,,,https://forums.hardwarezone.com.sg/eat-drink-man-woman-16/gpgt-ms-alyssa-marie-loo-li-ann-only-president%92s-scholarship-recipient-year-6356050-10.html,147,"13-08-2020, 11:13 PM",Abjure,
,,,https://forums.hardwarezone.com.sg/eat-drink-man-woman-16/gpgt-ms-alyssa-marie-loo-li-ann-only-president%92s-scholarship-recipient-year-6356050-10.html,148,"13-08-2020, 11:15 PM",Abjure,this kind go murica will get corrupted by AMDK GAO GAO and pumped full tanks rike lolicon prawns
,,,https://forums.hardwarezone.com.sg/eat-drink-man-woman-16/gpgt-ms-alyssa-marie-loo-li-ann-only-president%92s-scholarship-recipient-year-6356050-10.html,149,"13-08-2020, 11:15 PM",addypp,"This kind of girl, when she's 39, she will still look young."
,,,https://forums.hardwarezone.com.sg/eat-drink-man-woman-16/gpgt-ms-alyssa-marie-loo-li-ann-only-president%92s-scholarship-recipient-year-6356050-10.html,150,"13-08-2020, 11:17 PM",Seah.tt,how can linguistic degree know how yo byild chatbots???
,,,https://forums.hardwarezone.com.sg/eat-drink-man-woman-16/gpgt-ms-alyssa-marie-loo-li-ann-only-president%92s-scholarship-recipient-year-6356050-11.html,151,"13-08-2020, 11:18 PM",nogizaka46,"And get caught by Chris Hansen.,"
,,,https://forums.hardwarezone.com.sg/eat-drink-man-woman-16/gpgt-ms-alyssa-marie-loo-li-ann-only-president%92s-scholarship-recipient-year-6356050-11.html,152,"13-08-2020, 11:20 PM",moolala,where got say she jh kia??
,,,https://forums.hardwarezone.com.sg/eat-drink-man-woman-16/gpgt-ms-alyssa-marie-loo-li-ann-only-president%92s-scholarship-recipient-year-6356050-11.html,153,"13-08-2020, 11:21 PM",Bunknifer,Primary student can get Halimah Scholarships
,,,https://forums.hardwarezone.com.sg/eat-drink-man-woman-16/gpgt-ms-alyssa-marie-loo-li-ann-only-president%92s-scholarship-recipient-year-6356050-11.html,154,"13-08-2020, 11:23 PM",Abjure,"As a child, her mother, now 47, sent her for art classes in the neighbourhood where they lived in Kedah, Malaysia.,,Her family moved to Singapore in 2008 when she was seven and Ms Loo obtained her citizenship at the age of 11.,,She continued to pursue art  — taking it up as a subject in Raffles Girls’ Secondary School and subsequently pursuing filmmaking in Raffles Institution.,Read more at"
,,,https://forums.hardwarezone.com.sg/eat-drink-man-woman-16/gpgt-ms-alyssa-marie-loo-li-ann-only-president%92s-scholarship-recipient-year-6356050-11.html,155,"13-08-2020, 11:24 PM",TrollAndOgres,Wah y dont choose STEM recipient
,,,https://forums.hardwarezone.com.sg/eat-drink-man-woman-16/gpgt-ms-alyssa-marie-loo-li-ann-only-president%92s-scholarship-recipient-year-6356050-11.html,156,"13-08-2020, 11:24 PM",whatmeworry,"Her name is already Satki maximum.,八字真的會影響，人的一生。"
,,,https://forums.hardwarezone.com.sg/eat-drink-man-woman-16/gpgt-ms-alyssa-marie-loo-li-ann-only-president%92s-scholarship-recipient-year-6356050-11.html,157,"13-08-2020, 11:26 PM",Polar Bear King,",This soft ball vice captain prettier leh"
,,,https://forums.hardwarezone.com.sg/eat-drink-man-woman-16/gpgt-ms-alyssa-marie-loo-li-ann-only-president%92s-scholarship-recipient-year-6356050-11.html,158,"13-08-2020, 11:27 PM",NS_Hippo,Reminds me of Annabel Chong
,,,https://forums.hardwarezone.com.sg/eat-drink-man-woman-16/gpgt-ms-alyssa-marie-loo-li-ann-only-president%92s-scholarship-recipient-year-6356050-11.html,159,"13-08-2020, 11:28 PM",hippoheyhey,Wanna jizz all over her specs
,,,https://forums.hardwarezone.com.sg/eat-drink-man-woman-16/gpgt-ms-alyssa-marie-loo-li-ann-only-president%92s-scholarship-recipient-year-6356050-11.html,160,"13-08-2020, 11:29 PM",moolala,"ahaha, jiu hu kia, select some AMDK name+chinese name=winner,,next time must name ur child rike her"
,,,https://forums.hardwarezone.com.sg/eat-drink-man-woman-16/gpgt-ms-alyssa-marie-loo-li-ann-only-president%92s-scholarship-recipient-year-6356050-11.html,161,"13-08-2020, 11:40 PM",jaytotheshitley,"how come her father surname is Yeow,,but she is Loo?"
,,,https://forums.hardwarezone.com.sg/eat-drink-man-woman-16/gpgt-ms-alyssa-marie-loo-li-ann-only-president%92s-scholarship-recipient-year-6356050-11.html,162,"13-08-2020, 11:45 PM",DulanMax,Wait for her sob story when she run as a PAP candidate in GE 2035
,,,https://forums.hardwarezone.com.sg/eat-drink-man-woman-16/gpgt-ms-alyssa-marie-loo-li-ann-only-president%92s-scholarship-recipient-year-6356050-11.html,163,"13-08-2020, 11:49 PM",ParkJinYoung,"Raffles JC la,,Sent from Google PIXEL 2 XL using GAGT"
,,,https://forums.hardwarezone.com.sg/eat-drink-man-woman-16/gpgt-ms-alyssa-marie-loo-li-ann-only-president%92s-scholarship-recipient-year-6356050-11.html,164,"13-08-2020, 11:50 PM",jaytotheshitley,"just very curious to know if Yeow is real dad or step dad.,,i am guessing real dad, but she changed surname to her step dad’s,,kinda weird if real dad cannot appear tgt w the girl and her mum in front of the same webcam for such an important occasion........ unless Yeow is the step dad who couldn’t take leave so he joined the virtual meeting from his office. Hahaha"
,,,https://forums.hardwarezone.com.sg/eat-drink-man-woman-16/gpgt-ms-alyssa-marie-loo-li-ann-only-president%92s-scholarship-recipient-year-6356050-11.html,165,"13-08-2020, 11:52 PM",ParkJinYoung,"Go US, meet AMDK  become different liao,,Sent from Google PIXEL 2 XL using GAGT"
,,,https://forums.hardwarezone.com.sg/eat-drink-man-woman-16/gpgt-ms-alyssa-marie-loo-li-ann-only-president%92s-scholarship-recipient-year-6356050-12.html,166,"13-08-2020, 11:55 PM",kindaichi83,"future minister?,,but she look like sec 2? she finished jc le?"
,,,https://forums.hardwarezone.com.sg/eat-drink-man-woman-16/gpgt-ms-alyssa-marie-loo-li-ann-only-president%92s-scholarship-recipient-year-6356050-12.html,167,"14-08-2020, 12:27 AM",satayxp,wheres the beauty ???
,,,https://forums.hardwarezone.com.sg/eat-drink-man-woman-16/gpgt-ms-alyssa-marie-loo-li-ann-only-president%92s-scholarship-recipient-year-6356050-12.html,168,"14-08-2020, 12:30 AM",politicalsg,"Change name = future PAP candidate, standard pattern. Look at Ingkirikwang, Sun Xue Ling, Ah Mu, etc."
,,,https://forums.hardwarezone.com.sg/eat-drink-man-woman-16/gpgt-ms-alyssa-marie-loo-li-ann-only-president%92s-scholarship-recipient-year-6356050-12.html,169,"14-08-2020, 12:33 AM",hippoheyhey,She looks under developed. Amdk will show her the ectasy of climax
,,,https://forums.hardwarezone.com.sg/eat-drink-man-woman-16/gpgt-ms-alyssa-marie-loo-li-ann-only-president%92s-scholarship-recipient-year-6356050-12.html,170,"14-08-2020, 08:01 AM",Prime 13,Hope she donch use her smlj lingustics skills to manipuate and force pple into accepting policies that are fundamentally wrong and unworkable.
,,,https://forums.hardwarezone.com.sg/eat-drink-man-woman-16/gpgt-ms-alyssa-marie-loo-li-ann-only-president%92s-scholarship-recipient-year-6356050-12.html,171,"14-08-2020, 08:03 AM",Mr Brown,How tall? Look like primary school
,,,https://forums.hardwarezone.com.sg/eat-drink-man-woman-16/gpgt-ms-alyssa-marie-loo-li-ann-only-president%92s-scholarship-recipient-year-6356050-12.html,172,"14-08-2020, 08:03 AM",ramlee,How soon will she be detlowered?
,,,https://forums.hardwarezone.com.sg/eat-drink-man-woman-16/gpgt-ms-alyssa-marie-loo-li-ann-only-president%92s-scholarship-recipient-year-6356050-12.html,173,"14-08-2020, 08:04 AM",DiamondJuice,Look like just finished PSLE
,,,https://forums.hardwarezone.com.sg/eat-drink-man-woman-16/gpgt-ms-alyssa-marie-loo-li-ann-only-president%92s-scholarship-recipient-year-6356050-12.html,174,"14-08-2020, 08:05 AM",blacklotus,"CUTE SPECCY BRAINY XMM WITH BRACES SPOTTED. TOTALLY MY TYPE!!!,,"
,,,https://forums.hardwarezone.com.sg/eat-drink-man-woman-16/gpgt-ms-alyssa-marie-loo-li-ann-only-president%92s-scholarship-recipient-year-6356050-12.html,175,"14-08-2020, 08:07 AM",blacklotus,probably within a week on arriving in USA University by the AMDK teaching assistant or professor...
,,,https://forums.hardwarezone.com.sg/eat-drink-man-woman-16/gpgt-ms-alyssa-marie-loo-li-ann-only-president%92s-scholarship-recipient-year-6356050-12.html,176,"14-08-2020, 08:07 AM",fatboi666,all the raging hormones to mate w her...
,,,https://forums.hardwarezone.com.sg/eat-drink-man-woman-16/gpgt-ms-alyssa-marie-loo-li-ann-only-president%92s-scholarship-recipient-year-6356050-12.html,177,"14-08-2020, 08:11 AM",blacklotus,NO WONDER LOOKS SO GOOD. NOT FROM SINKIE COOLIE GENE POOL.
,,,https://forums.hardwarezone.com.sg/eat-drink-man-woman-16/gpgt-ms-alyssa-marie-loo-li-ann-only-president%92s-scholarship-recipient-year-6356050-12.html,178,"14-08-2020, 08:13 AM",Discarded,Learn linguistic for what. I ask my child learn Tamil.
,,,https://forums.hardwarezone.com.sg/eat-drink-man-woman-16/gpgt-ms-alyssa-marie-loo-li-ann-only-president%92s-scholarship-recipient-year-6356050-12.html,179,"14-08-2020, 08:14 AM",hippoheyhey,"Once tasted amdk, she's never going back to sinkie coolie"
,,,https://forums.hardwarezone.com.sg/eat-drink-man-woman-16/gpgt-ms-alyssa-marie-loo-li-ann-only-president%92s-scholarship-recipient-year-6356050-12.html,180,"14-08-2020, 08:15 AM",DulanMax,Malaysia not coolie genes meh?
,,,https://forums.hardwarezone.com.sg/eat-drink-man-woman-16/gpgt-ms-alyssa-marie-loo-li-ann-only-president%92s-scholarship-recipient-year-6356050-13.html,181,"14-08-2020, 08:16 AM",DrAlban,"Thats stupid.,Should learn hindi."
,,,https://forums.hardwarezone.com.sg/eat-drink-man-woman-16/gpgt-ms-alyssa-marie-loo-li-ann-only-president%92s-scholarship-recipient-year-6356050-13.html,182,"14-08-2020, 08:36 AM",blacklotus,Tiagong the Sultan of Melaka married a Ming Dynasty Chinese Princess.
,,,https://forums.hardwarezone.com.sg/eat-drink-man-woman-16/gpgt-ms-alyssa-marie-loo-li-ann-only-president%92s-scholarship-recipient-year-6356050-13.html,183,"14-08-2020, 08:38 AM",ramlee,fantasy to piak RGS girls especially in their pinafore
,,,https://forums.hardwarezone.com.sg/eat-drink-man-woman-16/gpgt-ms-alyssa-marie-loo-li-ann-only-president%92s-scholarship-recipient-year-6356050-13.html,184,"14-08-2020, 08:39 AM",DoctorThor,Cum on glasses.... classic move
,,,https://forums.hardwarezone.com.sg/eat-drink-man-woman-16/gpgt-ms-alyssa-marie-loo-li-ann-only-president%92s-scholarship-recipient-year-6356050-13.html,185,"14-08-2020, 08:58 AM",Tremere,Paging for shoulder score
,,,https://forums.hardwarezone.com.sg/eat-drink-man-woman-16/gpgt-ms-alyssa-marie-loo-li-ann-only-president%92s-scholarship-recipient-year-6356050-13.html,186,"14-08-2020, 10:11 AM",matchy,
,,,https://forums.hardwarezone.com.sg/eat-drink-man-woman-16/gpgt-ms-alyssa-marie-loo-li-ann-only-president%92s-scholarship-recipient-year-6356050-13.html,187,"14-08-2020, 10:13 AM",matey1982,sho she is kedahrian by birth lah
,,,https://forums.hardwarezone.com.sg/eat-drink-man-woman-16/gpgt-ms-alyssa-marie-loo-li-ann-only-president%92s-scholarship-recipient-year-6356050-13.html,188,"14-08-2020, 10:17 AM",DragonBlack,""" Ms Loo, 19, who is the only recipient of the award this year and is headed to Brown University in the United States,, said: ""Singapore has a very complex linguistic landscape that deserves more attention and research"".,She is interested in exploring topics such,, and the effects of a bilingual policy.,Ms Loo, who was a student at Raffles Institution, added: ""I hope to pursue (those topics) in Brown... I would want to use this content knowledge to inform my policy research and suggestions."",,President Scholar studying linguistics and want to explore having Singlish as cultural icon? Later come out do what job?,,WTF is happening?"
,,,https://forums.hardwarezone.com.sg/eat-drink-man-woman-16/gpgt-ms-alyssa-marie-loo-li-ann-only-president%92s-scholarship-recipient-year-6356050-13.html,189,"14-08-2020, 10:18 AM",Transcendent,
,,,https://forums.hardwarezone.com.sg/eat-drink-man-woman-16/gpgt-ms-alyssa-marie-loo-li-ann-only-president%92s-scholarship-recipient-year-6356050-13.html,190,"14-08-2020, 10:27 AM",flying.elephant,"appears nerdy and quirky,,gxgx on being awarded nerd of the batch. set for life liao,,"
,,,https://forums.hardwarezone.com.sg/eat-drink-man-woman-16/gpgt-ms-alyssa-marie-loo-li-ann-only-president%92s-scholarship-recipient-year-6356050-13.html,191,"14-08-2020, 11:40 AM",strangerjun,"ish bky,,"
,,,https://forums.hardwarezone.com.sg/eat-drink-man-woman-16/gpgt-ms-alyssa-marie-loo-li-ann-only-president%92s-scholarship-recipient-year-6356050-13.html,192,"14-08-2020, 11:43 AM",netbookcraze,"I dunno why no one asked about the efficancy of this scheme???,,The cost spend and what kind of return that we are getting so far??"
,,,https://forums.hardwarezone.com.sg/eat-drink-man-woman-16/gpgt-ms-alyssa-marie-loo-li-ann-only-president%92s-scholarship-recipient-year-6356050-13.html,193,"14-08-2020, 11:49 AM",PaulLevesque,Why don’t want to use another pic? This pic look like some primary school xmm
,,,https://forums.hardwarezone.com.sg/eat-drink-man-woman-16/gpgt-ms-alyssa-marie-loo-li-ann-only-president%92s-scholarship-recipient-year-6356050-13.html,194,"14-08-2020, 11:57 AM",terrixtur,"Grats to this jhb, hope she get a taste of AMDK and upload some research videos for us to study"
,,,https://forums.hardwarezone.com.sg/eat-drink-man-woman-16/gpgt-ms-alyssa-marie-loo-li-ann-only-president%92s-scholarship-recipient-year-6356050-13.html,195,"14-08-2020, 12:00 PM",coolmyth,"The more I look, the more its feel weird. The head is too big compared to the rest of her body. No wonder so smart. Study until head so big. Really a 大头娃娃."
,,,https://forums.hardwarezone.com.sg/eat-drink-man-woman-16/gpgt-ms-alyssa-marie-loo-li-ann-only-president%92s-scholarship-recipient-year-6356050-14.html,196,"14-08-2020, 12:00 PM",fallen1,Is she half amdk?
,,,https://forums.hardwarezone.com.sg/eat-drink-man-woman-16/gpgt-ms-alyssa-marie-loo-li-ann-only-president%92s-scholarship-recipient-year-6356050-14.html,197,"14-08-2020, 12:00 PM",cuppa,Pino chinese cross breed?
,,,https://forums.hardwarezone.com.sg/eat-drink-man-woman-16/gpgt-ms-alyssa-marie-loo-li-ann-only-president%92s-scholarship-recipient-year-6356050-14.html,198,"14-08-2020, 12:03 PM",knoxville,Legal liao won't kena rotan
,,,https://forums.hardwarezone.com.sg/eat-drink-man-woman-16/gpgt-ms-alyssa-marie-loo-li-ann-only-president%92s-scholarship-recipient-year-6356050-14.html,199,"14-08-2020, 12:04 PM",nit3ex,Wonder how will she look like when she is in her 50s....
,,,https://forums.hardwarezone.com.sg/eat-drink-man-woman-16/gpgt-ms-alyssa-marie-loo-li-ann-only-president%92s-scholarship-recipient-year-6356050-14.html,200,"14-08-2020, 12:06 PM",Square Box,"Yes she is cute.,But no. To embrace singlish as a cultural icon is as selfish as using hindi in business meeting with non-cecas.,It's rude, can be crude.,It's not exclusive to Singapore and Singaporeans only,,And it's like you're proud of speaking broken language.,And your society's command of language is so bad.,That everyone actually understands broken language.,No one cares about proper English anymore.,Huh?,,U want phrases like do the needful and irregardless to be formalize, proper and culturally correct?"
,,,https://forums.hardwarezone.com.sg/eat-drink-man-woman-16/gpgt-ms-alyssa-marie-loo-li-ann-only-president%92s-scholarship-recipient-year-6356050-14.html,201,"14-08-2020, 12:25 PM",Polar Bear King,"Looks like 6/10 for now,But USA diet should help her rise to 7/8/9"
,,,https://forums.hardwarezone.com.sg/eat-drink-man-woman-16/gpgt-ms-alyssa-marie-loo-li-ann-only-president%92s-scholarship-recipient-year-6356050-14.html,202,"14-08-2020, 12:31 PM",K|muRa^84,pls la so many scholars take mainstream majors end up also like that
,,,https://forums.hardwarezone.com.sg/eat-drink-man-woman-16/gpgt-ms-alyssa-marie-loo-li-ann-only-president%92s-scholarship-recipient-year-6356050-14.html,203,"14-08-2020, 12:32 PM",hippoheyhey,She makes me steam
,,,https://forums.hardwarezone.com.sg/eat-drink-man-woman-16/gpgt-ms-alyssa-marie-loo-li-ann-only-president%92s-scholarship-recipient-year-6356050-14.html,204,"14-08-2020, 12:37 PM",Crizzs,"Linguistics is important. Last time, Steve job took a class on typography and now different types of fonts exist across all apps u are using.,Impactful??"
,,,https://forums.hardwarezone.com.sg/eat-drink-man-woman-16/gpgt-ms-alyssa-marie-loo-li-ann-only-president%92s-scholarship-recipient-year-6356050-14.html,205,"14-08-2020, 12:40 PM",heughoghap,civil service alot of this kind...high position pint size unmarried frustrated menopausal....
,,,https://forums.hardwarezone.com.sg/eat-drink-man-woman-16/gpgt-ms-alyssa-marie-loo-li-ann-only-president%92s-scholarship-recipient-year-6356050-14.html,206,"14-08-2020, 12:43 PM",Ultimo_Urien,She looks like an anime child character lol.
,,,https://forums.hardwarezone.com.sg/eat-drink-man-woman-16/gpgt-ms-alyssa-marie-loo-li-ann-only-president%92s-scholarship-recipient-year-6356050-14.html,207,"14-08-2020, 01:01 PM",BrOwnTeddy,"Sorry hor, YOU will be RUN OVER BY THE BUS DRIVEN BY HER if you are ever in Civil Service.,,Ladies are less likely to break bond actually."
,,,https://forums.hardwarezone.com.sg/eat-drink-man-woman-16/gpgt-ms-alyssa-marie-loo-li-ann-only-president%92s-scholarship-recipient-year-6356050-14.html,208,"14-08-2020, 01:04 PM",cleffa3000,wah spec gal not bad
,,,https://forums.hardwarezone.com.sg/eat-drink-man-woman-16/gpgt-ms-alyssa-marie-loo-li-ann-only-president%92s-scholarship-recipient-year-6356050-14.html,209,"14-08-2020, 01:06 PM",fatboi666,the more moi see the more prettier she gets to moi. hw rike that sia
,,,https://forums.hardwarezone.com.sg/eat-drink-man-woman-16/gpgt-ms-alyssa-marie-loo-li-ann-only-president%92s-scholarship-recipient-year-6356050-14.html,210,"14-08-2020, 01:07 PM",hippoheyhey,This type fake naive damn horny and the amdk can shoot round after round
,,,https://forums.hardwarezone.com.sg/eat-drink-man-woman-16/gpgt-ms-alyssa-marie-loo-li-ann-only-president%92s-scholarship-recipient-year-6356050-15.html,211,"14-08-2020, 01:08 PM",rilo,"No wonder funny name,,Sent from Jurong Bird Park using GAGT"
,,,https://forums.hardwarezone.com.sg/eat-drink-man-woman-16/gpgt-ms-alyssa-marie-loo-li-ann-only-president%92s-scholarship-recipient-year-6356050-15.html,212,"14-08-2020, 01:20 PM",Prime 13,sounds rike the name of a puppy.
,,,https://forums.hardwarezone.com.sg/eat-drink-man-woman-16/gpgt-ms-alyssa-marie-loo-li-ann-only-president%92s-scholarship-recipient-year-6356050-15.html,213,"14-08-2020, 01:22 PM",Quala98,20 years later she might be our minister.....
,,,https://forums.hardwarezone.com.sg/eat-drink-man-woman-16/gpgt-ms-alyssa-marie-loo-li-ann-only-president%92s-scholarship-recipient-year-6356050-15.html,214,"14-08-2020, 01:25 PM",Multiversal,Only 19.  Not 91 leh.
,,,https://forums.hardwarezone.com.sg/eat-drink-man-woman-16/gpgt-ms-alyssa-marie-loo-li-ann-only-president%92s-scholarship-recipient-year-6356050-15.html,215,"14-08-2020, 02:05 PM",SatkiBoy,"Will she get Blacked in the US? Since she is quite petite and easy to carry around,,Sent from Samsung SM-N960F using GAGT"
,,,https://forums.hardwarezone.com.sg/eat-drink-man-woman-16/gpgt-ms-alyssa-marie-loo-li-ann-only-president%92s-scholarship-recipient-year-6356050-15.html,216,"14-08-2020, 02:37 PM",Tremere,"This ish really signature EDMWer style.,,GPGT most comments is piaking-related"
,,,https://forums.hardwarezone.com.sg/eat-drink-man-woman-16/gpgt-ms-alyssa-marie-loo-li-ann-only-president%92s-scholarship-recipient-year-6356050-15.html,217,"14-08-2020, 02:41 PM",maosaikopi,
,,,https://forums.hardwarezone.com.sg/eat-drink-man-woman-16/gpgt-ms-alyssa-marie-loo-li-ann-only-president%92s-scholarship-recipient-year-6356050-15.html,218,"14-08-2020, 02:42 PM",Takagi,"Should be iron ricebowl liao when she returns,,doubt she will want to join private sector after serving bonds cuz cfm high flyer,,even if nvr become MP also can become head of a stat board"
,,,https://forums.hardwarezone.com.sg/eat-drink-man-woman-16/gpgt-ms-alyssa-marie-loo-li-ann-only-president%92s-scholarship-recipient-year-6356050-15.html,219,"14-08-2020, 02:58 PM",Polar Bear King,"which of you can be as honest as my crown prince?,,no hesitation at all,immediate honest reply."
,,,https://forums.hardwarezone.com.sg/eat-drink-man-woman-16/gpgt-ms-alyssa-marie-loo-li-ann-only-president%92s-scholarship-recipient-year-6356050-15.html,220,"14-08-2020, 03:07 PM",K|muRa^84,he's jelly because he couldn't get into RI
,,,https://forums.hardwarezone.com.sg/eat-drink-man-woman-16/gpgt-ms-alyssa-marie-loo-li-ann-only-president%92s-scholarship-recipient-year-6356050-15.html,221,"14-08-2020, 03:11 PM",Polar Bear King,"I just sent the pic,he was busy doing homework yesterday,how would he know she's from RJC?"
,,,https://forums.hardwarezone.com.sg/eat-drink-man-woman-16/gpgt-ms-alyssa-marie-loo-li-ann-only-president%92s-scholarship-recipient-year-6356050-15.html,222,"14-08-2020, 03:18 PM",niwde7,"Still lose to Uptron & SPU,,Sent from Xiaomi MI MIX 2 using GAGT"
,,,https://forums.hardwarezone.com.sg/eat-drink-man-woman-16/gpgt-ms-alyssa-marie-loo-li-ann-only-president%92s-scholarship-recipient-year-6356050-15.html,223,"14-08-2020, 03:29 PM",Polar Bear King,"See lar,Show him BBP pic he shows he’s very honest in every way."
,,,https://forums.hardwarezone.com.sg/eat-drink-man-woman-16/gpgt-ms-alyssa-marie-loo-li-ann-only-president%92s-scholarship-recipient-year-6356050-15.html,224,"14-08-2020, 03:34 PM",tanahgu,"your son's definition of cute and pretty ish 10/10 shoulders like this,,,,,"
,,,https://forums.hardwarezone.com.sg/eat-drink-man-woman-16/gpgt-ms-alyssa-marie-loo-li-ann-only-president%92s-scholarship-recipient-year-6356050-15.html,225,"14-08-2020, 03:39 PM",Polar Bear King,"can't see pic,embed fail"
,,,https://forums.hardwarezone.com.sg/eat-drink-man-woman-16/gpgt-ms-alyssa-marie-loo-li-ann-only-president%92s-scholarship-recipient-year-6356050-16.html,226,"14-08-2020, 04:00 PM",SatkiBoy,"Looks like a yummy set of kkj,,Sent from Samsung SM-N960F using GAGT"
,,,https://forums.hardwarezone.com.sg/eat-drink-man-woman-16/gpgt-ms-alyssa-marie-loo-li-ann-only-president%92s-scholarship-recipient-year-6356050-16.html,227,"14-08-2020, 04:23 PM",Tremere,"Show him this lah.,,"
,,,https://forums.hardwarezone.com.sg/eat-drink-man-woman-16/gpgt-ms-alyssa-marie-loo-li-ann-only-president%92s-scholarship-recipient-year-6356050-16.html,228,"14-08-2020, 04:27 PM",Ethan_,
,,,https://forums.hardwarezone.com.sg/eat-drink-man-woman-16/gpgt-ms-alyssa-marie-loo-li-ann-only-president%92s-scholarship-recipient-year-6356050-16.html,229,"14-08-2020, 04:40 PM",Polar Bear King,"I think he would also say ""neither"" to this type"
,,,https://forums.hardwarezone.com.sg/eat-drink-man-woman-16/gpgt-ms-alyssa-marie-loo-li-ann-only-president%92s-scholarship-recipient-year-6356050-16.html,230,"14-08-2020, 04:47 PM",tanjiakpeng,"Jin song more taxpayer money sent to jiuhu kia!,,Song bo sinkies?,,Sinkie money has always been used to fund amdk's lives and jhk"
,,,https://forums.hardwarezone.com.sg/eat-drink-man-woman-16/gpgt-ms-alyssa-marie-loo-li-ann-only-president%92s-scholarship-recipient-year-6356050-16.html,231,"14-08-2020, 04:53 PM",Polar Bear King,"This girl migrated came in to SG started late but caught up and beat other local born sinkies leh,what to say?"
,,,https://forums.hardwarezone.com.sg/eat-drink-man-woman-16/gpgt-ms-alyssa-marie-loo-li-ann-only-president%92s-scholarship-recipient-year-6356050-16.html,232,"14-08-2020, 04:54 PM",ctstalin,"huh? linguistics?,,any STEM degree also more useful lah"
,,,https://forums.hardwarezone.com.sg/eat-drink-man-woman-16/gpgt-ms-alyssa-marie-loo-li-ann-only-president%92s-scholarship-recipient-year-6356050-16.html,233,"14-08-2020, 05:00 PM",terrixtur,"Means sinkies jin xia suay, this girl is the pride of the jh!"
,,,https://forums.hardwarezone.com.sg/eat-drink-man-woman-16/gpgt-ms-alyssa-marie-loo-li-ann-only-president%92s-scholarship-recipient-year-6356050-16.html,234,"14-08-2020, 05:05 PM",fortunecat,I think she can give your son some English tuition
,,,https://forums.hardwarezone.com.sg/eat-drink-man-woman-16/gpgt-ms-alyssa-marie-loo-li-ann-only-president%92s-scholarship-recipient-year-6356050-16.html,235,"14-08-2020, 05:07 PM",stewpig,Shouls gif to agnes chow
,,,https://forums.hardwarezone.com.sg/eat-drink-man-woman-16/gpgt-ms-alyssa-marie-loo-li-ann-only-president%92s-scholarship-recipient-year-6356050-16.html,236,"14-08-2020, 05:08 PM",fortunecat,"You send him some random woman pic, what is there to be not honest about?? Send him his mother's pic and see if he will hesitate to reply she's an ugly bear or not"
,,,https://forums.hardwarezone.com.sg/eat-drink-man-woman-16/gpgt-ms-alyssa-marie-loo-li-ann-only-president%92s-scholarship-recipient-year-6356050-16.html,237,"14-08-2020, 05:08 PM",blurblur123,Means u dunno her family background
,,,https://forums.hardwarezone.com.sg/eat-drink-man-woman-16/gpgt-ms-alyssa-marie-loo-li-ann-only-president%92s-scholarship-recipient-year-6356050-16.html,238,"14-08-2020, 05:09 PM",Polar Bear King,"Thank you for your honesty,the truth is SG allows everyone to work hard and climb up,very fair"
,,,https://forums.hardwarezone.com.sg/eat-drink-man-woman-16/gpgt-ms-alyssa-marie-loo-li-ann-only-president%92s-scholarship-recipient-year-6356050-16.html,239,"14-08-2020, 05:11 PM",Polar Bear King,"tried before,sent him Anita Yuen pic and his mommy bear pic to compare,he said mommy bear prettiest,Anita Yuen not pretty"
,,,https://forums.hardwarezone.com.sg/eat-drink-man-woman-16/gpgt-ms-alyssa-marie-loo-li-ann-only-president%92s-scholarship-recipient-year-6356050-16.html,240,"14-08-2020, 05:12 PM",FunksterKid,I Wan to marry her.
,,,https://forums.hardwarezone.com.sg/eat-drink-man-woman-16/gpgt-ms-alyssa-marie-loo-li-ann-only-president%92s-scholarship-recipient-year-6356050-17.html,241,"14-08-2020, 05:13 PM",Polar Bear King,"what family background?,must be parents from jobs earning an honest living,can't be cheat/rob/steal kind of people wor"
,,,https://forums.hardwarezone.com.sg/eat-drink-man-woman-16/gpgt-ms-alyssa-marie-loo-li-ann-only-president%92s-scholarship-recipient-year-6356050-17.html,242,"14-08-2020, 05:14 PM",xKomon,"LOLOLOL,,Sent from Moi phone lah using GAGT"
,,,https://forums.hardwarezone.com.sg/eat-drink-man-woman-16/gpgt-ms-alyssa-marie-loo-li-ann-only-president%92s-scholarship-recipient-year-6356050-17.html,243,"14-08-2020, 05:26 PM",blurblur123,Means u dunno anything lor.
,,,https://forums.hardwarezone.com.sg/eat-drink-man-woman-16/gpgt-ms-alyssa-marie-loo-li-ann-only-president%92s-scholarship-recipient-year-6356050-17.html,244,"14-08-2020, 05:31 PM",Takagi,NPNT leh
,,,https://forums.hardwarezone.com.sg/eat-drink-man-woman-16/gpgt-ms-alyssa-marie-loo-li-ann-only-president%92s-scholarship-recipient-year-6356050-17.html,245,"14-08-2020, 05:33 PM",OOJ,"how can it be, I think she still taking her psle"
,,,https://forums.hardwarezone.com.sg/eat-drink-man-woman-16/gpgt-ms-alyssa-marie-loo-li-ann-only-president%92s-scholarship-recipient-year-6356050-17.html,246,"14-08-2020, 05:39 PM",compro_1975,u all dun think of upz her la..... she so smart... edmw is all bbfa
,,,https://forums.hardwarezone.com.sg/eat-drink-man-woman-16/gpgt-ms-alyssa-marie-loo-li-ann-only-president%92s-scholarship-recipient-year-6356050-17.html,247,"14-08-2020, 05:51 PM",Abjure,"cant believe they gave president scholarship to a loli xmm using stupid buzzwords about AI,,u think if poor sinkies know how to use chatbots they will still be that poor????!! obviously all old aunties uncles with limited education,,standards have fallen so low"
,,,https://forums.hardwarezone.com.sg/eat-drink-man-woman-16/gpgt-ms-alyssa-marie-loo-li-ann-only-president%92s-scholarship-recipient-year-6356050-17.html,248,"14-08-2020, 06:23 PM",Dragon Lite,"Christian jiak gantang spg name spotted,,Sent from HUAWEI EVR-L29 using GAGT"
,,,https://forums.hardwarezone.com.sg/eat-drink-man-woman-16/gpgt-ms-alyssa-marie-loo-li-ann-only-president%92s-scholarship-recipient-year-6356050-17.html,249,"14-08-2020, 06:25 PM",Stroganoff,so many jelly useless people
,,,https://forums.hardwarezone.com.sg/eat-drink-man-woman-16/gpgt-ms-alyssa-marie-loo-li-ann-only-president%92s-scholarship-recipient-year-6356050-17.html,250,"14-08-2020, 06:27 PM",sinkie886,wtf loli xmm...
,,,https://forums.hardwarezone.com.sg/eat-drink-man-woman-16/gpgt-ms-alyssa-marie-loo-li-ann-only-president%92s-scholarship-recipient-year-6356050-17.html,251,"14-08-2020, 06:29 PM",genie.,"My wife know her mother well. They are good friends. Without divulging personal details, she is from a down to earth, normal family. Not elite or rich type.,She was a student of Rosyth GEP program, RGS and then RI year 5/6."
,,,https://forums.hardwarezone.com.sg/eat-drink-man-woman-16/gpgt-ms-alyssa-marie-loo-li-ann-only-president%92s-scholarship-recipient-year-6356050-17.html,252,"14-08-2020, 06:31 PM",Polar Bear King,"quote for you,what family background are you referring to?,"
,,,https://forums.hardwarezone.com.sg/eat-drink-man-woman-16/gpgt-ms-alyssa-marie-loo-li-ann-only-president%92s-scholarship-recipient-year-6356050-17.html,253,"14-08-2020, 06:32 PM",Polar Bear King,"hard working new SC girl beat local born,good to see fair play in reality"
,,,https://forums.hardwarezone.com.sg/eat-drink-man-woman-16/gpgt-ms-alyssa-marie-loo-li-ann-only-president%92s-scholarship-recipient-year-6356050-17.html,254,"14-08-2020, 06:37 PM",Abjure,"knn give to jiu hu kia,,sg no talents? pui"
,,,https://forums.hardwarezone.com.sg/eat-drink-man-woman-16/gpgt-ms-alyssa-marie-loo-li-ann-only-president%92s-scholarship-recipient-year-6356050-17.html,255,"14-08-2020, 06:49 PM",Polar Bear King,"maybe those few boys granted are local born sinkies leh,have to wait to see when they go to Uni then announced"
,,,https://forums.hardwarezone.com.sg/eat-drink-man-woman-16/gpgt-ms-alyssa-marie-loo-li-ann-only-president%92s-scholarship-recipient-year-6356050-18.html,256,"14-08-2020, 06:50 PM",chuakboon,"Not pretty and yet thread got 17 pages,,Comeon. Andy Lausss. U can do better"
,,,https://forums.hardwarezone.com.sg/eat-drink-man-woman-16/gpgt-ms-alyssa-marie-loo-li-ann-only-president%92s-scholarship-recipient-year-6356050-18.html,257,"14-08-2020, 06:54 PM",jkohlc2,parliament material in 10-15 years definitely
,,,https://forums.hardwarezone.com.sg/eat-drink-man-woman-16/gpgt-ms-alyssa-marie-loo-li-ann-only-president%92s-scholarship-recipient-year-6356050-18.html,258,"14-08-2020, 06:56 PM",cheesepiejhj,"WHAT HAPPENED TO EDMW ANDY LAUS,,MY VIET BU CAN EASILY DESTROY HER"
,,,https://forums.hardwarezone.com.sg/eat-drink-man-woman-16/gpgt-ms-alyssa-marie-loo-li-ann-only-president%92s-scholarship-recipient-year-6356050-18.html,259,"14-08-2020, 06:57 PM",idolcritic,Looks pedo friendly
,,,https://forums.hardwarezone.com.sg/eat-drink-man-woman-16/gpgt-ms-alyssa-marie-loo-li-ann-only-president%92s-scholarship-recipient-year-6356050-18.html,260,"14-08-2020, 10:10 PM",terrixtur,"Can divulge one more detail for fellow EDMWers? Is the girl attached?,,,Upz for you"
,,,https://forums.hardwarezone.com.sg/eat-drink-man-woman-16/gpgt-ms-alyssa-marie-loo-li-ann-only-president%92s-scholarship-recipient-year-6356050-18.html,261,"14-08-2020, 10:22 PM",ahtancw,",,Posted from PCWX using CB hair collected in Apr"
,,,https://forums.hardwarezone.com.sg/eat-drink-man-woman-16/gpgt-ms-alyssa-marie-loo-li-ann-only-president%92s-scholarship-recipient-year-6356050-18.html,262,"14-08-2020, 10:23 PM",Joe Maya,",,Because she look like very young and u know many this kind of ppl in the forum."
,,,https://forums.hardwarezone.com.sg/eat-drink-man-woman-16/gpgt-ms-alyssa-marie-loo-li-ann-only-president%92s-scholarship-recipient-year-6356050-18.html,263,"14-08-2020, 10:25 PM",Joseph12,"Dont worry.,,Money and power corrupt totally,20 years from now,  see what she say about Indian foreign talents vs locals going for same jobs.,And ask her whether there should be a strong opposition"
,,,https://forums.hardwarezone.com.sg/eat-drink-man-woman-16/gpgt-ms-alyssa-marie-loo-li-ann-only-president%92s-scholarship-recipient-year-6356050-18.html,264,"14-08-2020, 10:26 PM",Joe Maya,",lmoa this is really funny post.... loli xmm."
,,,https://forums.hardwarezone.com.sg/eat-drink-man-woman-16/gpgt-ms-alyssa-marie-loo-li-ann-only-president%92s-scholarship-recipient-year-6356050-18.html,265,"14-08-2020, 10:28 PM",Xperia17,Eating sour grapes liao
,,,https://forums.hardwarezone.com.sg/eat-drink-man-woman-16/gpgt-ms-alyssa-marie-loo-li-ann-only-president%92s-scholarship-recipient-year-6356050-18.html,266,"14-08-2020, 10:31 PM",Abjure,"noob spotted,,what the fark does a 19 loli xmm know about AI,,I work in R&D and I have touched an actual AI application before (did manual supervised learning for it),,fking stupid idiots at PSC no real world knowledge and work experience, 19 yr old xmm throw buzzwords also can bluff them,,retards"
,,,https://forums.hardwarezone.com.sg/eat-drink-man-woman-16/gpgt-ms-alyssa-marie-loo-li-ann-only-president%92s-scholarship-recipient-year-6356050-18.html,267,"14-08-2020, 10:32 PM",chromehead,jiayou and soar
,,,https://forums.hardwarezone.com.sg/eat-drink-man-woman-16/gpgt-ms-alyssa-marie-loo-li-ann-only-president%92s-scholarship-recipient-year-6356050-18.html,268,"14-08-2020, 10:33 PM",Abjure,"tell her to take a course from andrew ng from stanford on coursera about AI before even jijiwaiwai throw the word AI around,,i bet she does NOT even know the difference between AI, ML and DL,,knnbccb stupid jiu hu bu go to brown this kind of emma watson uni still wan act techie"
,,,https://forums.hardwarezone.com.sg/eat-drink-man-woman-16/gpgt-ms-alyssa-marie-loo-li-ann-only-president%92s-scholarship-recipient-year-6356050-18.html,269,"14-08-2020, 10:34 PM",Xperia17,"U r right to call me a noob, I don't know much about AI.,,Maybw that girl doesn't know much yet now, but sending her to Brown might perhaps make her an expert next time? Raw diamond? Give her a chance lah"
,,,https://forums.hardwarezone.com.sg/eat-drink-man-woman-16/gpgt-ms-alyssa-marie-loo-li-ann-only-president%92s-scholarship-recipient-year-6356050-18.html,270,"14-08-2020, 10:36 PM",Abjure,as stupid as asking gan siao lang be digitalization lead
,,,https://forums.hardwarezone.com.sg/eat-drink-man-woman-16/gpgt-ms-alyssa-marie-loo-li-ann-only-president%92s-scholarship-recipient-year-6356050-19.html,271,"14-08-2020, 10:37 PM",gkhchay,Her father’s a HR Director - do you know the median salary of HR Directors? It’s certainly not “normal” especially if her father’s role is a regional one. Not many in Singapore earn that much. I wouldn’t even call them middle class; probably upper middle. Also where she had her education has no bearing on her family’s social status.
,,,https://forums.hardwarezone.com.sg/eat-drink-man-woman-16/gpgt-ms-alyssa-marie-loo-li-ann-only-president%92s-scholarship-recipient-year-6356050-19.html,272,"14-08-2020, 10:40 PM",Xperia17,There are people out there who are very rich but can be super down to earth one. Maybe that is what genie meant.
,,,https://forums.hardwarezone.com.sg/eat-drink-man-woman-16/gpgt-ms-alyssa-marie-loo-li-ann-only-president%92s-scholarship-recipient-year-6356050-19.html,273,"14-08-2020, 10:40 PM",Polar Bear King,"Each has own luck,Pls don’t compare"
,,,https://forums.hardwarezone.com.sg/eat-drink-man-woman-16/gpgt-ms-alyssa-marie-loo-li-ann-only-president%92s-scholarship-recipient-year-6356050-19.html,274,"14-08-2020, 10:41 PM",Abjure,"noob spotted,,brown uni is a libtard uni for making connections with it's most recognizable alumni being emma watson aka emma watson uni,,wan jijiwaiwai rike some AI sexpert, wan use smart nation to beef up her application, have top grades, why nvr go stanford find andrew ng??!!"
,,,https://forums.hardwarezone.com.sg/eat-drink-man-woman-16/gpgt-ms-alyssa-marie-loo-li-ann-only-president%92s-scholarship-recipient-year-6356050-19.html,275,"14-08-2020, 10:42 PM",Xperia17,"I read the ST article, it does not say much about her jijiwaiwai... Any links? Would like to read what she said? As I said, I know little about AI and ML, but I do know the applications of AI and ML"
,,,https://forums.hardwarezone.com.sg/eat-drink-man-woman-16/gpgt-ms-alyssa-marie-loo-li-ann-only-president%92s-scholarship-recipient-year-6356050-19.html,276,"14-08-2020, 10:43 PM",Polar Bear King,"Genie posted correct Wor,Not rich Nor elite mah,Down to earth is attitude"
,,,https://forums.hardwarezone.com.sg/eat-drink-man-woman-16/gpgt-ms-alyssa-marie-loo-li-ann-only-president%92s-scholarship-recipient-year-6356050-19.html,277,"14-08-2020, 10:43 PM",Joe Maya,"HR director earn 200k per annum which is peanuts.,,EDMWer earn more than that.,,Smelly smelly edmw analyst earn 450k per annum."
,,,https://forums.hardwarezone.com.sg/eat-drink-man-woman-16/gpgt-ms-alyssa-marie-loo-li-ann-only-president%92s-scholarship-recipient-year-6356050-19.html,278,"14-08-2020, 10:44 PM",77james,"How come she so lousy never qualified for Harvard mit or Oxbridge,,Or enter medicine.,,Scholar also not so smart,,Political also many scholars but cannot perform but draw Super high salary"
,,,https://forums.hardwarezone.com.sg/eat-drink-man-woman-16/gpgt-ms-alyssa-marie-loo-li-ann-only-president%92s-scholarship-recipient-year-6356050-19.html,279,"14-08-2020, 10:46 PM",Xperia17,"Already said I noob liao, no need repeat lah.,,Brown Uni.... Googled a bit... Seems to be some kind of liberal arts, and well known for computer-related studies. I have never heard of someone choosing a uni because of a TV or movie star"
,,,https://forums.hardwarezone.com.sg/eat-drink-man-woman-16/gpgt-ms-alyssa-marie-loo-li-ann-only-president%92s-scholarship-recipient-year-6356050-19.html,280,"14-08-2020, 10:51 PM",lovesleeping1981,Knew Charlie Zhang will come out here. Tmd shi bian tai.
,,,https://forums.hardwarezone.com.sg/eat-drink-man-woman-16/gpgt-ms-alyssa-marie-loo-li-ann-only-president%92s-scholarship-recipient-year-6356050-19.html,281,"14-08-2020, 10:51 PM",Xperia17,"Maybe Brown has better educators or researchers in Computer Science than Harvard? Or maybe a more relaxed and less rigid curriculum? Sometimes people choose a university is not because of its rankings, but it's environment or specific research?"
,,,https://forums.hardwarezone.com.sg/eat-drink-man-woman-16/gpgt-ms-alyssa-marie-loo-li-ann-only-president%92s-scholarship-recipient-year-6356050-19.html,282,"14-08-2020, 10:52 PM",CSNation,"Amdk love this type,,Sent from my Toilet Bowl using GAGT"
,,,https://forums.hardwarezone.com.sg/eat-drink-man-woman-16/gpgt-ms-alyssa-marie-loo-li-ann-only-president%92s-scholarship-recipient-year-6356050-19.html,283,"14-08-2020, 10:52 PM",77james,"Lousy mean lousy. Brown university not so good lei.,,She know go there easier to get first class. Go elite uni maybe pass degree only"
,,,https://forums.hardwarezone.com.sg/eat-drink-man-woman-16/gpgt-ms-alyssa-marie-loo-li-ann-only-president%92s-scholarship-recipient-year-6356050-19.html,284,"14-08-2020, 11:08 PM",Polar Bear King,That’s a smart way to game the first Hon somehow
,,,https://forums.hardwarezone.com.sg/eat-drink-man-woman-16/gpgt-ms-alyssa-marie-loo-li-ann-only-president%92s-scholarship-recipient-year-6356050-19.html,285,"14-08-2020, 11:12 PM",moolala,can u intro me to her? i invite u to our wedding if we marry
,,,https://forums.hardwarezone.com.sg/eat-drink-man-woman-16/gpgt-ms-alyssa-marie-loo-li-ann-only-president%92s-scholarship-recipient-year-6356050-20.html,286,"14-08-2020, 11:43 PM",OralMaster,petite girl
,,,https://forums.hardwarezone.com.sg/eat-drink-man-woman-16/gpgt-ms-alyssa-marie-loo-li-ann-only-president%92s-scholarship-recipient-year-6356050-20.html,287,"15-08-2020, 06:24 AM",77james,"Brown university even rank lousier then NUS.,,Think easier to study over there should be relax one,,Rank 53 only even lousier then local uni,,Go there can play play and enjoy life,,NUS 25,NTU 48,,I know she scare scholarships kanna take back if do badly so choose easy uni. Easier to get FCH but what’s the point of gg lousy uni,,,Those result better and family richer then her already go Harvard mit Oxbridge take medicine denistry or law,,No need bond also.,,Take this type of dunno what course come back become teacher is it... later no job"
,,,https://forums.hardwarezone.com.sg/eat-drink-man-woman-16/gpgt-ms-alyssa-marie-loo-li-ann-only-president%92s-scholarship-recipient-year-6356050-20.html,288,"15-08-2020, 06:34 AM",lordofthering,"After reading the comments I found out edmwers all very qualified. All can get scholarship easily and all qualified to study harvard.,,,But strange why SIM threads so many replies?"
,,,https://forums.hardwarezone.com.sg/eat-drink-man-woman-16/gpgt-ms-alyssa-marie-loo-li-ann-only-president%92s-scholarship-recipient-year-6356050-20.html,289,"15-08-2020, 07:05 AM",orhneeorh,"no oxbridge? no harbird, mti or stanford ??"
,,,https://forums.hardwarezone.com.sg/eat-drink-man-woman-16/gpgt-ms-alyssa-marie-loo-li-ann-only-president%92s-scholarship-recipient-year-6356050-20.html,290,"15-08-2020, 07:06 AM",cheongmanz,Jin satki!
,,,https://forums.hardwarezone.com.sg/eat-drink-man-woman-16/gpgt-ms-alyssa-marie-loo-li-ann-only-president%92s-scholarship-recipient-year-6356050-20.html,291,"15-08-2020, 07:13 AM",77james,"Her result no good la cannot enter.,,No leadership etc. How to enter.,,Maybe brown university near to UNiversal studio or Disneyland. After class can go play play,,Or maybe can find a amdk bf easier.,,Or shopping for LV prada, clubbing or pub. Eat western food. Burger etc"
,,,https://forums.hardwarezone.com.sg/eat-drink-man-woman-16/gpgt-ms-alyssa-marie-loo-li-ann-only-president%92s-scholarship-recipient-year-6356050-20.html,292,"15-08-2020, 07:17 AM",darthsid11111,"Just from reading this thread you can identify all the bitter people who have an inflated sense of self worth and feel the need to put down a 19 year old who will achieve far greater things in life than them.,,Sent from Samsung SM-N960F using GAGT"
,,,https://forums.hardwarezone.com.sg/eat-drink-man-woman-16/gpgt-ms-alyssa-marie-loo-li-ann-only-president%92s-scholarship-recipient-year-6356050-20.html,293,"15-08-2020, 07:33 AM",aspenco,"And some do not even understand the definition of ivy league. Ha.,,"
,,,https://forums.hardwarezone.com.sg/eat-drink-man-woman-16/gpgt-ms-alyssa-marie-loo-li-ann-only-president%92s-scholarship-recipient-year-6356050-20.html,294,"15-08-2020, 09:03 AM",Xperia17,"When choosing a university to study, the quality of the courses do play a role. Overall university branding does play a role but usually it's the university's research labs that is more important, especially if one intends to further his/her studies and do MSc or PhD."
,,,https://forums.hardwarezone.com.sg/eat-drink-man-woman-16/gpgt-ms-alyssa-marie-loo-li-ann-only-president%92s-scholarship-recipient-year-6356050-20.html,295,"15-08-2020, 09:05 AM",Xperia17,I am surprised too... One even got so triggered that I think I was not wrong to say 'sour grapes'....and to think that this forumer is an arch supremacy member... Their quality of responses leaves much to be desired.
,,,https://forums.hardwarezone.com.sg/eat-drink-man-woman-16/gpgt-ms-alyssa-marie-loo-li-ann-only-president%92s-scholarship-recipient-year-6356050-20.html,296,"15-08-2020, 09:07 AM",sTiCkY,can't fap to this
,,,https://forums.hardwarezone.com.sg/eat-drink-man-woman-16/gpgt-ms-alyssa-marie-loo-li-ann-only-president%92s-scholarship-recipient-year-6356050-20.html,297,"15-08-2020, 09:07 AM",Xperia17,Interesting... I know of some football players who signed up for Trammere Football Club so that they can go watch Liverpool FC play each weekend and hope to be recruited.... And you know this is BS.
,,,https://forums.hardwarezone.com.sg/eat-drink-man-woman-16/gpgt-ms-alyssa-marie-loo-li-ann-only-president%92s-scholarship-recipient-year-6356050-20.html,298,"15-08-2020, 09:09 AM",sTiCkY,"she go us of a later die from convid..,,or amdk burst her cheesepie..."
,,,https://forums.hardwarezone.com.sg/eat-drink-man-woman-16/gpgt-ms-alyssa-marie-loo-li-ann-only-president%92s-scholarship-recipient-year-6356050-20.html,299,"15-08-2020, 09:14 AM",darthsid11111,"It's really pathetic and sad,,Sent from Samsung SM-N960F using GAGT"
,,,https://forums.hardwarezone.com.sg/eat-drink-man-woman-16/gpgt-ms-alyssa-marie-loo-li-ann-only-president%92s-scholarship-recipient-year-6356050-20.html,300,"15-08-2020, 09:15 AM",Polar Bear King,"EDMWers can't take it for losing to a 12yo-lookalike nerdy looking girl with bracers,how sad?"
,,,https://forums.hardwarezone.com.sg/eat-drink-man-woman-16/gpgt-ms-alyssa-marie-loo-li-ann-only-president%92s-scholarship-recipient-year-6356050-21.html,301,"15-08-2020, 09:21 AM",lifeisinforashock,Not impressed by this xmm scholar n the scholarship.
,,,https://forums.hardwarezone.com.sg/eat-drink-man-woman-16/gpgt-ms-alyssa-marie-loo-li-ann-only-president%92s-scholarship-recipient-year-6356050-21.html,302,"15-08-2020, 09:21 AM",Xperia17,"So, does that mean that if one signs up for NS regular, must die die sign up commando or sniper are considered super good, but those that signed up for SADA or plain clothes SAF ones are cannot make it?,Similarly, a good footballer may sign for a less successful club not because he is lazy, but could be because of once in a life opportunity to be coached by a world class coach or manager there. A university is only as good as the lecturers and researchers that works there, not the name of the university. Good universities will lure potentially good quality researchers , and in turn attract students with potential.,,A researcher in Brown who publishes in Nature Science PNAS is anytime better than one from higher uni rankings but who publishes only in specialized and local journals.,,So Brown Uni might appear like sai to you, but to others it might look more like a box of chocolates. Perspectives"
,,,https://forums.hardwarezone.com.sg/eat-drink-man-woman-16/gpgt-ms-alyssa-marie-loo-li-ann-only-president%92s-scholarship-recipient-year-6356050-21.html,303,"15-08-2020, 09:23 AM",Xperia17,That is why I understand some forumers previously said the quality of comments in EDMW has fallen significantly in recent years as compared to long time ago. The amt of sour grape comments here... I read already also cannot comprehend why make such senseless statements
,,,https://forums.hardwarezone.com.sg/eat-drink-man-woman-16/gpgt-ms-alyssa-marie-loo-li-ann-only-president%92s-scholarship-recipient-year-6356050-21.html,304,"15-08-2020, 09:24 AM",jeofefforts,"jio this xmm,Less working hard for 20 years"
,,,https://forums.hardwarezone.com.sg/eat-drink-man-woman-16/gpgt-ms-alyssa-marie-loo-li-ann-only-president%92s-scholarship-recipient-year-6356050-21.html,305,"15-08-2020, 09:27 AM",77james,"Commando is good but still not elite enough.,SOF better lei. SOF maybe can kill 10 commando easily. They are the cream of the crops.,,If cannot get SOF then go for commando, if still cannot then try for Guards.,,If navy then divers,,If Air Force then pilot,,If police then STAR,,If Scdf then DART,,Maybe u all don’t know one. All elite not everybody know. I say u all also dunno.,,Later still need to explain I also fainted"
,,,https://forums.hardwarezone.com.sg/eat-drink-man-woman-16/gpgt-ms-alyssa-marie-loo-li-ann-only-president%92s-scholarship-recipient-year-6356050-21.html,306,"15-08-2020, 09:28 AM",fulaien,"Only sinkies huanlo uni rank, while cecas from unis ranked 500+ are recruited over nus/ntu grads in singapore itself. Such an irony..."
,,,https://forums.hardwarezone.com.sg/eat-drink-man-woman-16/gpgt-ms-alyssa-marie-loo-li-ann-only-president%92s-scholarship-recipient-year-6356050-21.html,307,"15-08-2020, 09:30 AM",whuttt,"Don't know is it prestigious or suay, sole recipient of president scholarship this year. All the spotlight on her. Even under greater scrutiny. Other years usually have 4 to 5 recipients. All comments are spread out.,Donch be so hard on a xmm."
,,,https://forums.hardwarezone.com.sg/eat-drink-man-woman-16/gpgt-ms-alyssa-marie-loo-li-ann-only-president%92s-scholarship-recipient-year-6356050-21.html,308,"15-08-2020, 09:35 AM",Prime 13,"Yesterday my 80+ year old mom read the 154th print media also asked, this skolar go study lingustics, for what use?,,Knn nao govt ish trying to do all kinds of divisive things.,Divisive president gib out divisive skolarship.,While at the same tiem jjww abt Sg must be unity."
,,,https://forums.hardwarezone.com.sg/eat-drink-man-woman-16/gpgt-ms-alyssa-marie-loo-li-ann-only-president%92s-scholarship-recipient-year-6356050-21.html,309,"15-08-2020, 09:36 AM",ccostagmont,"notch sinkie ah?,gibe to p.r.?"
,,,https://forums.hardwarezone.com.sg/eat-drink-man-woman-16/gpgt-ms-alyssa-marie-loo-li-ann-only-president%92s-scholarship-recipient-year-6356050-21.html,310,"15-08-2020, 09:59 AM",Polar Bear King,cos all the other male recipients postpone theirs until they finish NS mah
,,,https://forums.hardwarezone.com.sg/eat-drink-man-woman-16/gpgt-ms-alyssa-marie-loo-li-ann-only-president%92s-scholarship-recipient-year-6356050-21.html,311,"15-08-2020, 10:01 AM",Polar Bear King,"gov scholarship only gives to local SC,but this girl is migrant new SC that's why EDMW can't take it lor"
,,,https://forums.hardwarezone.com.sg/eat-drink-man-woman-16/gpgt-ms-alyssa-marie-loo-li-ann-only-president%92s-scholarship-recipient-year-6356050-21.html,312,"15-08-2020, 10:20 AM",Polar Bear King,then study Maths in Uni got what use?
,,,https://forums.hardwarezone.com.sg/eat-drink-man-woman-16/gpgt-ms-alyssa-marie-loo-li-ann-only-president%92s-scholarship-recipient-year-6356050-21.html,313,"15-08-2020, 10:26 AM",SatkiBoy,"U all think AMDK will like this kind of petite XMM??,,Sent from Samsung SM-N960F using GAGT"
,,,https://forums.hardwarezone.com.sg/eat-drink-man-woman-16/gpgt-ms-alyssa-marie-loo-li-ann-only-president%92s-scholarship-recipient-year-6356050-21.html,314,"15-08-2020, 10:36 AM",SpecialKeyboardService,"I heard requirment higher for president scholar,4gpa,In a star, i heard many oversea scholar puposely take easy modules to boost gpa. What the point of pursuing knowledge if you just want to high gpa only?,,I have friend who reject the a star scholarship. More f9 for me."
,,,https://forums.hardwarezone.com.sg/eat-drink-man-woman-16/gpgt-ms-alyssa-marie-loo-li-ann-only-president%92s-scholarship-recipient-year-6356050-21.html,315,"15-08-2020, 11:01 AM",o blong,",Yalo. Only make the c3ecAa arm chio,,Somemore ur own st1nki el1te send their kids to which unis? U all go check,,Kumg0ng!"
,,,https://forums.hardwarezone.com.sg/eat-drink-man-woman-16/gpgt-ms-alyssa-marie-loo-li-ann-only-president%92s-scholarship-recipient-year-6356050-22.html,316,"15-08-2020, 12:14 PM",Prime 13,"Many many wor!,E.g. all the big data hype, indentify data with high correlations, find the important data among sea of useless data, fit response surface with various function forms, end up ish make fourier transform, find eigenvalues solve matrix wor!,,And many many more uses wor!,,LOL!,,End up in this new era of doers vs talkers, the talker pmet manazers are overvalued and ousted from their jods!,,Sho chiu all bedder know chuir math and be doer ohkays!"
,,,https://forums.hardwarezone.com.sg/eat-drink-man-woman-16/gpgt-ms-alyssa-marie-loo-li-ann-only-president%92s-scholarship-recipient-year-6356050-22.html,317,"15-08-2020, 02:48 PM",netbookcraze,What is efficacy of this president scholarship program after spending so much money for so many years?
,,,https://forums.hardwarezone.com.sg/eat-drink-man-woman-16/gpgt-ms-alyssa-marie-loo-li-ann-only-president%92s-scholarship-recipient-year-6356050-22.html,318,"15-08-2020, 06:49 PM",darthsid11111,"Tell your grandmother just because she dunno doesn't mean not useful.,,Sent from Samsung SM-N960F using GAGT"
,,,https://forums.hardwarezone.com.sg/eat-drink-man-woman-16/gpgt-ms-alyssa-marie-loo-li-ann-only-president%92s-scholarship-recipient-year-6356050-22.html,319,"15-08-2020, 07:19 PM",SpecialKeyboardService,"Next leader for ministry, pushing singapore to greater heights!"
,,,https://forums.hardwarezone.com.sg/eat-drink-man-woman-16/gpgt-ms-alyssa-marie-loo-li-ann-only-president%92s-scholarship-recipient-year-6356050-22.html,320,"15-08-2020, 09:19 PM",Prime 13,"Nope, i ish agree thish ish useless degree.,And nope, notch my grandmutter."
